org,repo,url,number,author,created_at,merged_at,changed_files,commits,additions,deletions,reviews,time_of_first_review,reviewers,hours_open,hours_to_first_review,minutes_to_first_review
okta,okta-spring-boot,https://github.com/okta/okta-spring-boot/pull/1,1,bdemers,2017-08-07T16:18:36Z,2017-08-08T17:26:59Z,30,12,1621,2,15,2017-08-07T16:20:22Z,"mraible,bdemers",25.14,0.03,1.77
okta,okta-spring-boot,https://github.com/okta/okta-spring-boot/pull/2,2,bdemers,2017-08-08T20:05:40Z,2017-08-08T20:28:19Z,2,2,37,1,0,,,0.38,0,0
okta,okta-spring-boot,https://github.com/okta/okta-spring-boot/pull/3,3,bdemers,2017-08-10T21:40:23Z,2017-08-10T22:03:21Z,4,1,29,5,1,2017-08-10T21:43:05Z,"mraible",0.38,0.05,2.7
okta,okta-spring-boot,https://github.com/okta/okta-spring-boot/pull/4,4,bdemers,2017-08-11T14:38:32Z,2017-08-11T14:48:45Z,3,1,31,4,1,2017-08-11T14:39:42Z,"bretterer",0.17,0.02,1.17
okta,okta-spring-boot,https://github.com/okta/okta-spring-boot/pull/5,5,bdemers,2017-08-22T15:50:46Z,2017-08-23T15:58:15Z,1,3,71,23,4,2017-08-22T19:00:14Z,"mraible,bdemers",24.12,3.16,189.47
okta,okta-spring-boot,https://github.com/okta/okta-spring-boot/pull/8,8,bdemers,2017-09-29T01:09:50Z,2017-10-04T22:39:01Z,16,2,678,57,1,2017-09-29T20:22:30Z,"wdawson",141.49,19.21,1152.67
okta,okta-spring-boot,https://github.com/okta/okta-spring-boot/pull/11,11,bdemers,2017-10-04T23:01:54Z,2017-10-05T15:16:47Z,11,2,558,14,4,2017-10-04T23:58:41Z,"mraible,bdemers",16.25,0.95,56.78
okta,okta-spring-boot,https://github.com/okta/okta-spring-boot/pull/12,12,bdemers,2017-10-04T23:03:02Z,2017-10-05T15:28:15Z,43,9,2007,147,1,2017-10-04T23:51:44Z,"mraible",16.42,0.81,48.7
okta,okta-spring-boot,https://github.com/okta/okta-spring-boot/pull/13,13,bdemers,2017-10-05T15:32:17Z,2017-10-05T15:48:45Z,73,15,4483,209,0,,,0.27,0,0
okta,okta-spring-boot,https://github.com/okta/okta-spring-boot/pull/14,14,bdemers,2017-10-12T18:58:26Z,2017-10-13T17:05:26Z,3,1,2,56,1,2017-10-12T19:00:29Z,"mraible",22.12,0.03,2.05
okta,okta-spring-boot,https://github.com/okta/okta-spring-boot/pull/16,16,bdemers,2017-10-16T21:40:55Z,2017-12-22T18:13:32Z,24,7,895,21,1,2017-11-20T14:49:30Z,"dogeared",1604.54,833.14,49988.58
okta,okta-spring-boot,https://github.com/okta/okta-spring-boot/pull/18,18,bdemers,2017-10-20T17:18:40Z,2017-10-20T20:17:39Z,4,3,24,6,6,2017-10-20T18:09:17Z,"vijetmahabaleshwar-okta,mraible,bdemers",2.98,0.84,50.62
okta,okta-spring-boot,https://github.com/okta/okta-spring-boot/pull/28,28,bdemers,2017-11-17T20:46:21Z,2017-11-28T19:38:33Z,25,26,340,1341,1,2017-11-20T18:37:25Z,"vijetmahabaleshwar-okta",262.87,69.85,4191.07
okta,okta-spring-boot,https://github.com/okta/okta-spring-boot/pull/32,32,bdemers,2017-12-20T14:46:23Z,2017-12-22T16:45:42Z,8,3,418,56,4,2017-12-20T15:17:19Z,"mraible,bdemers",49.99,0.52,30.93
okta,okta-spring-boot,https://github.com/okta/okta-spring-boot/pull/34,34,bdemers,2018-01-23T21:58:13Z,2018-03-16T18:28:17Z,2,1,18,17,1,2018-03-16T16:02:38Z,"mraible",1244.5,1242.07,74524.42
okta,okta-spring-boot,https://github.com/okta/okta-spring-boot/pull/44,44,bdemers,2018-03-08T15:25:05Z,2018-03-16T21:41:36Z,11,2,729,1,17,2018-03-08T19:55:12Z,"jmelberg-okta,bdemers",198.28,4.5,270.12
okta,okta-spring-boot,https://github.com/okta/okta-spring-boot/pull/45,45,bdemers,2018-03-12T18:11:27Z,2018-03-14T17:00:36Z,13,2,88,29,6,2018-03-12T18:42:17Z,"jmelberg-okta,bdemers",46.82,0.51,30.83
okta,okta-spring-boot,https://github.com/okta/okta-spring-boot/pull/46,46,bdemers,2018-03-16T20:30:58Z,2018-03-16T22:08:57Z,4,2,58,6,4,2018-03-16T20:32:31Z,"mraible,bdemers,jmelberg-okta",1.63,0.03,1.55
okta,okta-spring-boot,https://github.com/okta/okta-spring-boot/pull/47,47,bdemers,2018-03-19T18:07:40Z,2018-03-20T19:19:46Z,1,1,1,1,1,2018-03-19T18:26:36Z,"bretterer",25.2,0.32,18.93
okta,okta-spring-boot,https://github.com/okta/okta-spring-boot/pull/48,48,bdemers,2018-04-10T16:46:01Z,2018-04-10T20:59:32Z,11,1,471,84,1,2018-04-10T20:02:06Z,"vijetmahabaleshwar-okta",4.23,3.27,196.08
okta,okta-spring-boot,https://github.com/okta/okta-spring-boot/pull/49,49,bdemers,2018-04-10T21:01:06Z,2018-04-10T21:09:45Z,2,1,4,4,1,2018-04-10T21:02:10Z,"vijetmahabaleshwar-okta",0.14,0.02,1.07
okta,okta-spring-boot,https://github.com/okta/okta-spring-boot/pull/50,50,bdemers,2018-04-11T16:56:45Z,2018-04-11T17:16:31Z,6,1,50,14,1,2018-04-11T16:57:52Z,"vijetmahabaleshwar-okta",0.33,0.02,1.12
okta,okta-spring-boot,https://github.com/okta/okta-spring-boot/pull/58,58,bdemers,2018-05-15T20:55:28Z,2018-05-16T19:06:21Z,23,5,661,31,3,2018-05-16T13:40:37Z,"mraible,bdemers",22.18,16.75,1005.15
okta,okta-spring-boot,https://github.com/okta/okta-spring-boot/pull/59,59,bdemers,2018-05-16T19:08:02Z,2018-05-16T20:13:00Z,1,1,1,1,1,2018-05-16T20:06:35Z,"bretterer",1.08,0.98,58.55
okta,okta-spring-boot,https://github.com/okta/okta-spring-boot/pull/60,60,bdemers,2018-05-16T19:10:48Z,2018-05-16T20:13:19Z,1,1,0,13,1,2018-05-16T20:07:13Z,"bretterer",1.04,0.94,56.42
okta,okta-spring-boot,https://github.com/okta/okta-spring-boot/pull/61,61,bdemers,2018-05-17T15:58:20Z,2018-05-18T15:13:36Z,3,1,10,7,4,2018-05-17T16:00:10Z,"mraible,bdemers",23.25,0.03,1.83
okta,okta-spring-boot,https://github.com/okta/okta-spring-boot/pull/62,62,bdemers,2018-05-18T21:09:41Z,2018-05-19T02:23:18Z,1,1,1,1,1,2018-05-18T21:10:40Z,"vijetmahabaleshwar-okta",5.23,0.02,0.98
okta,okta-spring-boot,https://github.com/okta/okta-spring-boot/pull/67,67,bdemers,2018-06-11T16:20:27Z,2018-06-13T16:51:53Z,3,1,61,15,1,2018-06-11T20:13:01Z,"mraible",48.52,3.88,232.57
okta,okta-spring-boot,https://github.com/okta/okta-spring-boot/pull/68,68,bdemers,2018-06-11T16:29:08Z,2018-06-18T13:38:15Z,1,1,1,1,1,2018-06-18T13:36:37Z,"bretterer",165.15,165.12,9907.48
okta,okta-spring-boot,https://github.com/okta/okta-spring-boot/pull/69,69,bdemers,2018-06-13T16:00:07Z,2018-06-26T13:42:57Z,7,2,184,13,1,2018-06-25T16:59:45Z,"jmelberg-okta",309.71,288.99,17339.63
okta,okta-spring-boot,https://github.com/okta/okta-spring-boot/pull/70,70,bdemers,2018-06-21T18:50:15Z,2018-06-22T16:56:39Z,5,1,1,122,1,2018-06-22T15:43:13Z,"jmelberg-okta",22.11,20.88,1252.97
okta,okta-spring-boot,https://github.com/okta/okta-spring-boot/pull/72,72,bdemers,2018-06-26T13:45:16Z,2018-06-26T17:06:51Z,12,1,19,19,1,2018-06-26T13:46:26Z,"bretterer",3.36,0.02,1.17
okta,okta-spring-boot,https://github.com/okta/okta-spring-boot/pull/74,74,bdemers,2018-07-02T15:33:32Z,2018-07-02T15:54:52Z,2,1,14,2,1,2018-07-02T15:34:29Z,"bretterer",0.36,0.02,0.95
okta,okta-spring-boot,https://github.com/okta/okta-spring-boot/pull/75,75,bdemers,2018-07-02T16:03:56Z,2018-07-02T16:30:22Z,1,1,1,1,1,2018-07-02T16:29:48Z,"bretterer",0.44,0.43,25.87
okta,okta-spring-boot,https://github.com/okta/okta-spring-boot/pull/78,78,bdemers,2018-07-20T17:26:35Z,2018-07-23T14:00:44Z,1,1,1,1,1,2018-07-21T13:26:56Z,"nbarbettini",68.57,20.01,1200.35
okta,okta-spring-boot,https://github.com/okta/okta-spring-boot/pull/79,79,bdemers,2018-07-20T20:34:01Z,2018-07-23T14:01:52Z,4,1,70,37,1,2018-07-21T01:47:03Z,"mraible",65.46,5.22,313.03
okta,okta-spring-boot,https://github.com/okta/okta-spring-boot/pull/85,85,bdemers,2018-09-21T15:02:20Z,2018-09-21T20:41:08Z,13,1,184,32,1,2018-09-21T18:01:09Z,"bretterer",5.65,2.98,178.82
okta,okta-spring-boot,https://github.com/okta/okta-spring-boot/pull/86,86,bdemers,2018-09-21T20:48:53Z,2018-09-25T13:52:37Z,2,1,3,3,1,2018-09-25T02:32:24Z,"nbarbettini",89.06,77.73,4663.52
okta,okta-spring-boot,https://github.com/okta/okta-spring-boot/pull/88,88,bdemers,2018-09-27T16:55:51Z,2018-09-28T17:30:20Z,6,3,88,82,1,2018-09-27T21:04:04Z,"jmelberg-okta",24.57,4.14,248.22
okta,okta-spring-boot,https://github.com/okta/okta-spring-boot/pull/92,92,bdemers,2018-10-02T15:01:39Z,2018-10-03T14:04:45Z,4,1,18,30,1,2018-10-03T14:02:43Z,"bretterer",23.05,23.02,1381.07
okta,okta-spring-boot,https://github.com/okta/okta-spring-boot/pull/94,94,altus34,2018-10-10T16:42:24Z,2018-10-10T18:06:18Z,1,1,1,0,0,,,1.4,0,0
okta,okta-spring-boot,https://github.com/okta/okta-spring-boot/pull/99,99,bdemers,2018-11-06T18:11:22Z,2018-12-14T22:09:25Z,115,12,1526,4316,2,2018-11-30T18:26:56Z,"mraible,bretterer",915.97,576.26,34575.57
okta,okta-spring-boot,https://github.com/okta/okta-spring-boot/pull/100,100,bdemers,2018-11-07T22:46:29Z,2018-11-08T15:01:09Z,1,1,2,0,1,2018-11-07T22:47:43Z,"robertjd",16.24,0.02,1.23
okta,okta-spring-boot,https://github.com/okta/okta-spring-boot/pull/101,101,bdemers,2018-12-14T22:47:47Z,2018-12-17T16:27:51Z,1,1,32,0,2,2018-12-14T22:53:56Z,"mraible,bretterer",65.67,0.1,6.15
okta,okta-spring-boot,https://github.com/okta/okta-spring-boot/pull/102,102,mraible,2018-12-20T16:37:59Z,2018-12-20T17:16:49Z,1,8,60,5,1,2018-12-20T16:41:11Z,"bdemers",0.65,0.05,3.2
okta,okta-spring-boot,https://github.com/okta/okta-spring-boot/pull/107,107,bdemers,2019-01-18T22:31:33Z,2019-02-26T17:18:43Z,1,1,48,0,2,2019-01-18T22:35:24Z,"mraible,bretterer",930.79,0.06,3.85
okta,okta-spring-boot,https://github.com/okta/okta-spring-boot/pull/109,109,bdemers,2019-01-29T18:22:17Z,2019-02-05T21:25:20Z,31,8,1270,83,2,2019-01-29T18:32:36Z,"mraible,robertjd",171.05,0.17,10.32
okta,okta-spring-boot,https://github.com/okta/okta-spring-boot/pull/110,110,bdemers,2019-02-06T19:54:50Z,2019-02-06T20:17:35Z,2,1,22,14,1,2019-02-06T20:09:54Z,"bretterer",0.38,0.25,15.07
okta,okta-spring-boot,https://github.com/okta/okta-spring-boot/pull/111,111,bdemers,2019-02-06T20:49:40Z,2019-02-06T21:10:30Z,13,1,20,20,1,2019-02-06T20:50:34Z,"bretterer",0.35,0.02,0.9
okta,okta-spring-boot,https://github.com/okta/okta-spring-boot/pull/112,112,bdemers,2019-02-06T21:38:46Z,2019-02-06T22:01:44Z,2,1,13,1,2,2019-02-06T21:47:13Z,"mraible,laura-rodriguez",0.38,0.14,8.45
okta,okta-spring-boot,https://github.com/okta/okta-spring-boot/pull/120,120,bdemers,2019-03-05T19:47:19Z,2019-03-05T20:10:56Z,1,1,2,2,1,2019-03-05T20:06:42Z,"bretterer",0.39,0.32,19.38
okta,okta-spring-boot,https://github.com/okta/okta-spring-boot/pull/121,121,bdemers,2019-03-05T23:07:10Z,2019-03-20T19:27:54Z,19,4,725,14,7,2019-03-15T18:08:40Z,"bdemers,dogeared",356.35,235.03,14101.5
okta,okta-spring-boot,https://github.com/okta/okta-spring-boot/pull/123,123,cpinkerton,2019-03-26T11:30:54Z,2019-03-26T12:40:20Z,1,1,1,1,0,,,1.16,0,0
okta,okta-spring-boot,https://github.com/okta/okta-spring-boot/pull/125,125,bdemers,2019-05-03T14:16:43Z,2019-05-03T14:33:28Z,1,1,0,2,1,2019-05-03T14:26:19Z,"bretterer",0.28,0.16,9.6
okta,okta-spring-boot,https://github.com/okta/okta-spring-boot/pull/128,128,bdemers,2019-05-10T16:23:08Z,2019-05-10T16:30:23Z,13,1,20,20,1,2019-05-10T16:25:21Z,"FeiChen-okta",0.12,0.04,2.22
okta,okta-spring-boot,https://github.com/okta/okta-spring-boot/pull/129,129,bdemers,2019-05-10T18:34:40Z,2019-05-10T19:28:49Z,2,1,27,3,1,2019-05-10T19:20:41Z,"FeiChen-okta",0.9,0.77,46.02
okta,okta-spring-boot,https://github.com/okta/okta-spring-boot/pull/130,130,bdemers,2019-06-03T19:58:06Z,2019-06-04T19:23:34Z,4,1,92,41,1,2019-06-03T20:28:25Z,"mraible",23.42,0.51,30.32
okta,okta-spring-boot,https://github.com/okta/okta-spring-boot/pull/131,131,bdemers,2019-06-04T20:19:40Z,2019-06-04T20:39:05Z,5,1,1,53,1,2019-06-04T20:21:10Z,"bretterer",0.32,0.03,1.5
okta,okta-spring-boot,https://github.com/okta/okta-spring-boot/pull/143,143,mraible,2019-10-08T22:09:45Z,2019-10-09T02:02:35Z,1,1,9,0,1,2019-10-08T23:13:47Z,"bdemers",3.88,1.07,64.03
okta,okta-spring-boot,https://github.com/okta/okta-spring-boot/pull/144,144,bdemers,2019-10-09T01:46:05Z,2019-10-09T01:59:23Z,1,1,1,1,0,,,0.22,0,0
okta,okta-spring-boot,https://github.com/okta/okta-spring-boot/pull/145,145,bdemers,2019-10-17T15:13:32Z,2019-10-18T22:10:50Z,26,4,230,62,1,2019-10-18T20:08:30Z,"vijetmahabaleshwar-okta",30.96,28.92,1734.97
okta,okta-spring-boot,https://github.com/okta/okta-spring-boot/pull/146,146,bdemers,2019-11-06T21:41:59Z,2020-01-27T21:41:39Z,11,1,225,37,4,2019-11-06T21:43:09Z,"bdemers,mraible,vijetmahabaleshwar-okta",1967.99,0.02,1.17
okta,okta-spring-boot,https://github.com/okta/okta-spring-boot/pull/148,148,snyk-bot,2019-11-09T03:07:21Z,2019-11-09T13:06:47Z,1,1,1,1,1,2019-11-09T13:06:33Z,"bdemers",9.99,9.99,599.2
okta,okta-spring-boot,https://github.com/okta/okta-spring-boot/pull/152,152,bdemers,2019-12-09T19:45:41Z,2020-01-15T21:06:22Z,9,1,104,8,2,2019-12-09T20:48:15Z,"mraible,vijetmahabaleshwar-okta",889.34,1.04,62.57
okta,okta-spring-boot,https://github.com/okta/okta-spring-boot/pull/154,154,bdemers,2020-01-15T21:19:13Z,2020-01-22T15:24:56Z,4,1,127,4,2,2020-01-17T15:50:57Z,"mraible,vijetmahabaleshwar-okta",162.1,42.53,2551.73
okta,okta-spring-boot,https://github.com/okta/okta-spring-boot/pull/155,155,mraible,2020-01-15T21:32:22Z,2020-01-15T22:59:53Z,1,1,9,1,0,,,1.46,0,0
okta,okta-spring-boot,https://github.com/okta/okta-spring-boot/pull/156,156,bdemers,2020-01-22T15:48:09Z,2020-01-22T17:13:00Z,1,1,3,3,1,2020-01-22T17:12:45Z,"vijetmahabaleshwar-okta",1.41,1.41,84.6
okta,okta-spring-boot,https://github.com/okta/okta-spring-boot/pull/159,159,bdemers,2020-02-03T22:07:45Z,2020-02-03T23:58:08Z,13,1,20,20,1,2020-02-03T22:08:39Z,"vijetmahabaleshwar-okta",1.84,0.02,0.9
okta,okta-spring-boot,https://github.com/okta/okta-spring-boot/pull/161,161,bdemers,2020-02-12T19:06:50Z,2020-02-12T22:58:05Z,1,1,5,0,1,2020-02-12T21:59:48Z,"robertjd",3.85,2.88,172.97
okta,okta-spring-boot,https://github.com/okta/okta-spring-boot/pull/162,162,dogeared,2020-03-02T15:51:18Z,2020-03-03T16:59:13Z,1,2,17,26,4,2020-03-02T15:53:31Z,"bdemers,dogeared",25.13,0.04,2.22
okta,okta-spring-boot,https://github.com/okta/okta-spring-boot/pull/172,172,bdemers,2020-05-22T03:32:51Z,2020-06-16T15:29:45Z,1,1,1,1,2,2020-05-22T03:48:36Z,"jasonrberk,arvindkrishnakumar-okta",611.95,0.26,15.75
okta,okta-spring-boot,https://github.com/okta/okta-spring-boot/pull/174,174,arvindkrishnakumar-okta,2020-07-16T18:30:35Z,2020-07-16T18:46:45Z,1,5,2,1,1,2020-07-16T18:42:08Z,"bdemers",0.27,0.19,11.55
okta,okta-spring-boot,https://github.com/okta/okta-spring-boot/pull/177,177,bdemers,2020-07-21T19:30:01Z,2020-09-10T04:50:06Z,20,5,135,66,2,2020-07-21T21:00:11Z,"arvindkrishnakumar-okta",1209.33,1.5,90.17
okta,okta-spring-boot,https://github.com/okta/okta-spring-boot/pull/180,180,arvindkrishnakumar-okta,2020-09-02T16:50:27Z,2020-09-21T20:54:23Z,1,10,16,0,9,2020-09-02T16:55:28Z,"arvindkrishnakumar-okta,bdemers",460.07,0.08,5.02
okta,okta-spring-boot,https://github.com/okta/okta-spring-boot/pull/183,183,snyk-bot,2020-09-09T03:07:25Z,2020-09-09T20:38:37Z,1,1,1,1,2,2020-09-09T20:37:44Z,"bdemers",17.52,17.51,1050.32
okta,okta-spring-boot,https://github.com/okta/okta-spring-boot/pull/185,185,arvindkrishnakumar-okta,2020-09-10T05:05:53Z,2020-10-14T16:48:47Z,11,105,543,85,92,2020-09-10T14:14:51Z,"bdemers,arvindkrishnakumar-okta,briandemers-okta",827.72,9.15,548.97
okta,okta-spring-boot,https://github.com/okta/okta-spring-boot/pull/190,190,snyk-bot,2020-09-18T22:43:35Z,2020-11-16T05:44:03Z,1,1,1,1,1,2020-11-16T05:43:45Z,"arvindkrishnakumar-okta",1399.01,1399,83940.17
okta,okta-spring-boot,https://github.com/okta/okta-spring-boot/pull/191,191,snyk-bot,2020-09-19T07:08:12Z,2020-10-05T21:32:09Z,1,1,1,1,1,2020-10-05T18:31:07Z,"arvindkrishnakumar-okta",398.4,395.38,23722.92
okta,okta-spring-boot,https://github.com/okta/okta-spring-boot/pull/193,193,arvindkrishnakumar-okta,2020-09-23T16:41:28Z,2020-10-14T21:52:00Z,1,17,79,0,12,2020-09-28T16:36:23Z,"bdemers,arvindkrishnakumar-okta",509.18,119.92,7194.92
okta,okta-spring-boot,https://github.com/okta/okta-spring-boot/pull/194,194,arvindkrishnakumar-okta,2020-09-23T18:27:12Z,2020-09-28T18:44:24Z,1,11,18,2,4,2020-09-28T16:32:47Z,"bdemers,arvindkrishnakumar-okta",120.29,118.09,7085.58
okta,okta-spring-boot,https://github.com/okta/okta-spring-boot/pull/195,195,arvindkrishnakumar-okta,2020-09-23T23:12:22Z,2020-09-28T17:52:01Z,1,10,23,1,4,2020-09-28T16:24:42Z,"bdemers,arvindkrishnakumar-okta",114.66,113.21,6792.33
okta,okta-spring-boot,https://github.com/okta/okta-spring-boot/pull/196,196,mraible,2020-09-28T18:35:30Z,2020-10-01T00:20:25Z,1,1,1,1,1,2020-10-01T00:20:15Z,"robertjd",53.75,53.75,3224.75
okta,okta-spring-boot,https://github.com/okta/okta-spring-boot/pull/198,198,mraible,2020-09-28T19:09:29Z,2020-09-28T19:57:20Z,1,1,18,13,1,2020-09-28T19:18:44Z,"arvindkrishnakumar-okta",0.8,0.15,9.25
okta,okta-spring-boot,https://github.com/okta/okta-spring-boot/pull/199,199,robertjd,2020-10-01T00:27:20Z,2020-10-01T02:49:57Z,1,1,1,1,1,2020-10-01T00:48:04Z,"arvindkrishnakumar-okta",2.38,0.35,20.73
okta,okta-spring-boot,https://github.com/okta/okta-spring-boot/pull/201,201,bdemers,2020-10-05T14:56:38Z,2020-10-05T18:29:21Z,1,2,7,1,1,2020-10-05T18:29:13Z,"arvindkrishnakumar-okta",3.55,3.54,212.58
okta,okta-spring-boot,https://github.com/okta/okta-spring-boot/pull/202,202,arvindkrishnakumar-okta,2020-10-05T22:21:44Z,2020-12-22T06:18:00Z,31,61,820,108,1,2020-12-09T16:09:10Z,"sergiishamrai-okta",1855.94,1553.79,93227.43
okta,okta-spring-boot,https://github.com/okta/okta-spring-boot/pull/204,204,bdemers,2020-10-08T19:17:22Z,2020-10-08T19:29:43Z,1,1,5,4,1,2020-10-08T19:19:00Z,"arvindkrishnakumar-okta",0.21,0.03,1.63
okta,okta-spring-boot,https://github.com/okta/okta-spring-boot/pull/207,207,bdemers,2020-10-12T21:30:29Z,2020-10-12T21:39:25Z,2,1,22,10,1,2020-10-12T21:34:52Z,"arvindkrishnakumar-okta",0.15,0.07,4.38
okta,okta-spring-boot,https://github.com/okta/okta-spring-boot/pull/208,208,arvindkrishnakumar-okta,2020-10-13T06:53:47Z,2020-10-14T15:50:26Z,1,3,1,1,3,2020-10-13T18:52:08Z,"bdemers,arvindkrishnakumar-okta",32.94,11.97,718.35
okta,okta-spring-boot,https://github.com/okta/okta-spring-boot/pull/209,209,bdemers,2020-10-13T20:01:28Z,2020-10-14T16:40:30Z,3,4,297,97,1,2020-10-14T14:09:09Z,"bdemers",20.65,18.13,1087.68
okta,okta-spring-boot,https://github.com/okta/okta-spring-boot/pull/210,210,arvindkrishnakumar-okta,2020-10-15T05:43:50Z,2020-11-13T20:25:19Z,9,8,179,14,13,2020-10-15T13:45:15Z,"bdemers,arvindkrishnakumar-okta",710.69,8.02,481.42
okta,okta-spring-boot,https://github.com/okta/okta-spring-boot/pull/214,214,bdemers,2020-11-13T02:14:44Z,2020-11-20T18:10:44Z,12,5,160,98,7,2020-11-13T16:02:47Z,"bdemers,arvindkrishnakumar-okta,mraible",183.93,13.8,828.05
okta,okta-spring-boot,https://github.com/okta/okta-spring-boot/pull/216,216,arvindkrishnakumar-okta,2020-11-20T21:14:25Z,2020-11-20T21:37:53Z,13,1,21,21,1,2020-11-20T21:17:29Z,"bdemers",0.39,0.05,3.07
okta,okta-spring-boot,https://github.com/okta/okta-spring-boot/pull/217,217,arvindkrishnakumar-okta,2020-11-20T21:56:19Z,2020-11-20T22:10:51Z,13,2,20,20,1,2020-11-20T21:56:58Z,"bdemers",0.24,0.01,0.65
okta,okta-spring-boot,https://github.com/okta/okta-spring-boot/pull/219,219,bdemers,2020-11-23T19:33:05Z,2020-11-23T20:51:09Z,1,6,20,1,9,2020-11-23T19:35:16Z,"arvindkrishnakumar-okta,bdemers",1.3,0.04,2.18
okta,okta-spring-boot,https://github.com/okta/okta-spring-boot/pull/220,220,bdemers,2020-11-24T15:18:07Z,2020-11-24T17:49:23Z,5,1,15,11,1,2020-11-24T17:48:38Z,"arvindkrishnakumar-okta",2.52,2.51,150.52
okta,okta-spring-boot,https://github.com/okta/okta-spring-boot/pull/221,221,arvindkrishnakumar-okta,2020-11-24T19:04:20Z,2020-11-24T19:17:10Z,13,2,20,20,1,2020-11-24T19:15:54Z,"bdemers",0.21,0.19,11.57
okta,okta-spring-boot,https://github.com/okta/okta-spring-boot/pull/222,222,arvindkrishnakumar-okta,2020-12-04T16:39:18Z,2020-12-04T18:59:55Z,6,3,12,12,1,2020-12-04T16:43:55Z,"sergiishamrai-okta",2.34,0.08,4.62
okta,okta-spring-boot,https://github.com/okta/okta-spring-boot/pull/223,223,arvindkrishnakumar-okta,2020-12-04T19:02:10Z,2020-12-04T21:38:41Z,1,1,2,2,1,2020-12-04T21:38:13Z,"vijetmahabaleshwar-okta",2.61,2.6,156.05
okta,okta-spring-boot,https://github.com/okta/okta-spring-boot/pull/224,224,VitaliiTytarenko-okta,2020-12-04T21:17:40Z,2020-12-29T00:53:32Z,4,8,172,1,32,2020-12-04T21:25:50Z,"bdemers,arvindkrishnakumar-okta,VitaliiTytarenko-okta",579.6,0.14,8.17
okta,okta-spring-boot,https://github.com/okta/okta-spring-boot/pull/228,228,sergiishamrai-okta,2020-12-09T10:27:44Z,2020-12-09T11:01:15Z,3,2,1,3,0,,,0.56,0,0
okta,okta-spring-boot,https://github.com/okta/okta-spring-boot/pull/230,230,arvindkrishnakumar-okta,2020-12-22T06:49:43Z,2020-12-22T14:40:04Z,2,1,7,1,1,2020-12-22T07:33:49Z,"sergiishamrai-okta",7.84,0.74,44.1
okta,okta-spring-boot,https://github.com/okta/okta-spring-boot/pull/231,231,arvindkrishnakumar-okta,2020-12-22T16:25:08Z,2020-12-22T16:52:20Z,2,1,1,17,2,2020-12-22T16:25:43Z,"arvindkrishnakumar-okta,bdemers",0.45,0.01,0.58
okta,okta-spring-boot,https://github.com/okta/okta-spring-boot/pull/232,232,snyk-bot,2020-12-23T07:10:37Z,2020-12-28T19:05:31Z,1,1,1,1,2,2020-12-28T18:56:52Z,"sergiishamrai-okta,arvindkrishnakumar-okta",131.92,131.77,7906.25
okta,okta-spring-boot,https://github.com/okta/okta-spring-boot/pull/233,233,VitaliiTytarenko-okta,2020-12-23T21:57:32Z,2021-02-04T16:19:34Z,6,19,232,23,21,2020-12-24T02:29:54Z,"bdemers,arvindkrishnakumar-okta,VitaliiTytarenko-okta",1026.37,4.54,272.37
okta,okta-spring-boot,https://github.com/okta/okta-spring-boot/pull/234,234,arvindkrishnakumar-okta,2020-12-28T18:42:31Z,2020-12-28T18:56:00Z,13,1,20,20,1,2020-12-28T18:46:25Z,"sergiishamrai-okta",0.22,0.07,3.9
okta,okta-spring-boot,https://github.com/okta/okta-spring-boot/pull/235,235,arvindkrishnakumar-okta,2020-12-28T19:29:20Z,2020-12-28T19:50:41Z,1,1,1,1,1,2020-12-28T19:48:10Z,"vijetmahabaleshwar-okta",0.36,0.31,18.83
okta,okta-spring-boot,https://github.com/okta/okta-spring-boot/pull/236,236,arvindkrishnakumar-okta,2020-12-28T19:46:38Z,2020-12-28T19:55:04Z,1,1,8,0,1,2020-12-28T19:47:58Z,"vijetmahabaleshwar-okta",0.14,0.02,1.33
okta,okta-spring-boot,https://github.com/okta/okta-spring-boot/pull/237,237,arvindkrishnakumar-okta,2020-12-28T20:05:57Z,2020-12-28T20:23:33Z,13,1,20,20,1,2020-12-28T20:08:10Z,"vijetmahabaleshwar-okta",0.29,0.04,2.22
okta,okta-spring-boot,https://github.com/okta/okta-spring-boot/pull/238,238,arvindkrishnakumar-okta,2020-12-28T20:38:45Z,2020-12-28T21:42:46Z,14,3,23,21,1,2020-12-28T20:49:02Z,"vijetmahabaleshwar-okta",1.07,0.17,10.28
okta,okta-spring-boot,https://github.com/okta/okta-spring-boot/pull/239,239,arvindkrishnakumar-okta,2021-01-05T16:19:26Z,2021-01-05T17:46:40Z,1,3,4,4,2,2021-01-05T17:08:51Z,"bdemers",1.45,0.82,49.42
okta,okta-spring-boot,https://github.com/okta/okta-spring-boot/pull/240,240,arvindkrishnakumar-okta,2021-01-05T17:48:06Z,2021-01-05T18:02:44Z,1,1,1,1,1,2021-01-05T17:56:26Z,"bdemers",0.24,0.14,8.33
okta,okta-spring-boot,https://github.com/okta/okta-spring-boot/pull/241,241,VitaliiTytarenko-okta,2021-01-13T21:15:07Z,2021-02-01T19:40:39Z,4,4,153,12,14,2021-01-13T22:11:04Z,"arvindkrishnakumar-okta,VitaliiTytarenko-okta,bdemers",454.43,0.93,55.95
okta,okta-spring-boot,https://github.com/okta/okta-spring-boot/pull/244,244,arvindkrishnakumar-okta,2021-01-19T19:42:37Z,2021-01-19T21:00:58Z,1,1,1,1,1,2021-01-19T20:58:58Z,"bdemers",1.31,1.27,76.35
okta,okta-spring-boot,https://github.com/okta/okta-spring-boot/pull/247,247,arvindkrishnakumar-okta,2021-02-08T17:27:11Z,2021-02-08T17:36:57Z,1,1,1,1,1,2021-02-08T17:29:48Z,"sergiishamrai-okta",0.16,0.04,2.62
okta,okta-spring-boot,https://github.com/okta/okta-spring-boot/pull/248,248,arvindkrishnakumar-okta,2021-02-08T18:09:56Z,2021-02-08T18:43:00Z,1,1,1,1,1,2021-02-08T18:11:09Z,"sergiishamrai-okta",0.55,0.02,1.22
okta,okta-spring-boot,https://github.com/okta/okta-spring-boot/pull/249,249,arvindkrishnakumar-okta,2021-02-09T06:27:16Z,2021-02-09T16:50:50Z,1,2,10,1,1,2021-02-09T14:55:43Z,"bdemers",10.39,8.47,508.45
okta,okta-spring-boot,https://github.com/okta/okta-spring-boot/pull/250,250,arvindkrishnakumar-okta,2021-02-09T21:05:17Z,2021-02-09T21:15:05Z,1,2,3,1,1,2021-02-09T21:10:32Z,"bdemers",0.16,0.09,5.25
okta,okta-spring-boot,https://github.com/okta/okta-spring-boot/pull/251,251,arvindkrishnakumar-okta,2021-02-11T08:24:58Z,2021-02-11T16:14:27Z,1,1,1,1,1,2021-02-11T08:30:36Z,"sergiishamrai-okta",7.82,0.09,5.63
okta,okta-spring-boot,https://github.com/okta/okta-spring-boot/pull/252,252,arvindkrishnakumar-okta,2021-02-11T19:33:15Z,2021-02-11T20:58:38Z,1,1,2,113,1,2021-02-11T20:57:26Z,"bdemers",1.42,1.4,84.18
okta,okta-spring-boot,https://github.com/okta/okta-spring-boot/pull/253,253,arvindkrishnakumar-okta,2021-02-11T21:21:25Z,2021-02-11T21:39:25Z,13,2,20,20,1,2021-02-11T21:22:50Z,"bdemers",0.3,0.02,1.42
okta,okta-spring-boot,https://github.com/okta/okta-spring-boot/pull/254,254,arvindkrishnakumar-okta,2021-02-17T06:46:59Z,2021-02-17T16:48:56Z,1,1,23,0,1,2021-02-17T07:09:20Z,"sergiishamrai-okta",10.03,0.37,22.35
okta,okta-spring-boot,https://github.com/okta/okta-spring-boot/pull/256,256,,2021-03-10T16:34:29Z,2021-03-10T16:56:25Z,1,1,1,1,1,2021-03-10T16:55:23Z,"arvindkrishnakumar-okta",0.37,0.35,20.9
okta,okta-spring-boot,https://github.com/okta/okta-spring-boot/pull/259,259,snyk-bot,2021-03-18T07:08:20Z,2021-03-18T15:19:13Z,1,1,1,1,1,2021-03-18T15:18:45Z,"arvindkrishnakumar-okta",8.18,8.17,490.42
okta,okta-spring-boot,https://github.com/okta/okta-spring-boot/pull/262,262,bdemers,2021-03-26T21:21:51Z,2021-03-26T21:32:47Z,1,1,30,0,1,2021-03-26T21:22:37Z,"arvindkrishnakumar-okta",0.18,0.01,0.77
okta,okta-spring-boot,https://github.com/okta/okta-spring-boot/pull/263,263,dependabot,2021-03-26T21:33:15Z,2021-03-26T21:58:09Z,1,1,1,1,1,2021-03-26T21:42:13Z,"arvindkrishnakumar-okta",0.42,0.15,8.97
okta,okta-spring-boot,https://github.com/okta/okta-spring-boot/pull/264,264,dependabot,2021-03-26T21:33:18Z,2021-03-26T22:08:17Z,1,1,1,1,1,2021-03-26T21:43:18Z,"arvindkrishnakumar-okta",0.58,0.17,10
okta,okta-spring-boot,https://github.com/okta/okta-spring-boot/pull/265,265,dependabot,2021-03-26T21:33:22Z,2021-03-26T22:07:05Z,1,1,1,1,1,2021-03-26T22:00:47Z,"arvindkrishnakumar-okta",0.56,0.46,27.42
okta,okta-spring-boot,https://github.com/okta/okta-spring-boot/pull/266,266,dependabot,2021-03-26T21:33:24Z,2021-03-26T22:08:03Z,1,1,1,1,1,2021-03-26T22:00:13Z,"arvindkrishnakumar-okta",0.58,0.45,26.82
okta,okta-spring-boot,https://github.com/okta/okta-spring-boot/pull/268,268,dependabot,2021-03-26T21:33:31Z,2021-03-26T22:07:48Z,1,1,1,1,1,2021-03-26T21:57:27Z,"arvindkrishnakumar-okta",0.57,0.4,23.93
okta,okta-spring-boot,https://github.com/okta/okta-spring-boot/pull/269,269,dependabot,2021-03-26T21:33:41Z,2021-03-26T22:56:03Z,1,1,1,1,1,2021-03-26T21:56:43Z,"arvindkrishnakumar-okta",1.37,0.38,23.03
okta,okta-spring-boot,https://github.com/okta/okta-spring-boot/pull/270,270,dependabot,2021-03-26T21:33:45Z,2021-03-26T22:55:48Z,1,1,1,1,1,2021-03-26T21:48:49Z,"arvindkrishnakumar-okta",1.37,0.25,15.07
okta,okta-spring-boot,https://github.com/okta/okta-spring-boot/pull/271,271,dependabot,2021-03-26T21:33:50Z,2021-03-26T22:07:33Z,2,1,2,2,1,2021-03-26T21:45:08Z,"arvindkrishnakumar-okta",0.56,0.19,11.3
okta,okta-spring-boot,https://github.com/okta/okta-spring-boot/pull/272,272,dependabot,2021-03-26T21:34:05Z,2021-03-26T22:07:20Z,1,1,1,1,1,2021-03-26T21:44:09Z,"arvindkrishnakumar-okta",0.55,0.17,10.07