org,repo,url,number,author,created_at,merged_at,changed_files,commits,additions,deletions,reviews,time_of_first_review,reviewers,hours_open,hours_to_first_review,minutes_to_first_review
"okta","okta-sdk-dotnet","https://github.com/okta/okta-sdk-dotnet/pull/1",1,"joelfranusic-okta","2015-01-17T00:28:18Z","2015-02-23T23:49:10Z",5,6,80,7,0,"",[],911.35,0,0
"okta","okta-sdk-dotnet","https://github.com/okta/okta-sdk-dotnet/pull/2",2,"dbrownx","2015-01-23T22:15:04Z","2015-01-23T23:02:43Z",4,1,29,2,0,"",[],0.79,0,0
"okta","okta-sdk-dotnet","https://github.com/okta/okta-sdk-dotnet/pull/3",3,"Rus7am","2015-02-26T20:02:23Z","2015-02-28T00:56:40Z",2,1,8,4,0,"",[],28.9,0,0
"okta","okta-sdk-dotnet","https://github.com/okta/okta-sdk-dotnet/pull/8",8,"cbarbara-okta","2015-11-20T21:23:47Z","2015-11-20T21:24:06Z",14,1,215,3,0,"",[],0.01,0,0
"okta","okta-sdk-dotnet","https://github.com/okta/okta-sdk-dotnet/pull/9",9,"marksztainbok-okta","2016-02-11T20:25:18Z","2016-02-16T22:24:01Z",86,1,1310,1620,0,"",[],121.98,0,0
"okta","okta-sdk-dotnet","https://github.com/okta/okta-sdk-dotnet/pull/16",16,"raphaellondner-okta","2016-11-22T00:05:02Z","2016-12-12T18:48:27Z",26,6,1182,279,5,"2016-11-29T00:53:51Z",[["marksztainbok-okta","raphaellondner-okta"]],498.72,168.81,10128.82
"okta","okta-sdk-dotnet","https://github.com/okta/okta-sdk-dotnet/pull/17",17,"raphaellondner-okta","2016-12-12T22:27:36Z","2016-12-13T23:46:48Z",13,2,115,79,4,"2016-12-12T22:49:02Z",[["rchild-okta","raphaellondner-okta"]],25.32,0.36,21.43
"okta","okta-sdk-dotnet","https://github.com/okta/okta-sdk-dotnet/pull/18",18,"raphaellondner-okta","2016-12-13T00:36:25Z","2017-01-11T18:48:12Z",14,6,246,54,14,"2016-12-14T18:50:23Z",[["marksztainbok-okta","raphaellondner-okta","rchild-okta","yiyangli-okta"]],714.2,42.23,2533.97
"okta","okta-sdk-dotnet","https://github.com/okta/okta-sdk-dotnet/pull/20",20,"raphaellondner-okta","2017-01-04T21:05:55Z","2017-01-13T22:58:43Z",22,13,507,91,5,"2017-01-06T05:25:05Z",[["rchild-okta","raphaellondner-okta"]],217.88,32.32,1939.17
"okta","okta-sdk-dotnet","https://github.com/okta/okta-sdk-dotnet/pull/25",25,"lboyette-okta","2017-02-22T23:11:02Z","2017-03-01T21:57:43Z",2,1,10,57,1,"2017-02-23T01:36:27Z",[["rchild-okta"]],166.78,2.42,145.42
"okta","okta-sdk-dotnet","https://github.com/okta/okta-sdk-dotnet/pull/26",26,"johngronberg-okta","2017-03-02T01:16:05Z","2017-03-03T19:09:43Z",1,1,1,1,1,"2017-03-02T01:33:12Z",[["jmelberg-okta"]],41.89,0.29,17.12
"okta","okta-sdk-dotnet","https://github.com/okta/okta-sdk-dotnet/pull/27",27,"bdemers","2017-03-03T01:00:18Z","2017-03-03T19:12:34Z",5,1,274,24,1,"2017-03-03T19:12:10Z",[["jmelberg-okta"]],18.2,18.2,1091.87
"okta","okta-sdk-dotnet","https://github.com/okta/okta-sdk-dotnet/pull/28",28,"jmelberg-okta","2017-03-13T18:18:08Z","2017-03-13T22:02:03Z",1,1,5,0,1,"2017-03-13T21:00:53Z",[["lboyette-okta"]],3.73,2.71,162.75
"okta","okta-sdk-dotnet","https://github.com/okta/okta-sdk-dotnet/pull/29",29,"jmelberg-okta","2017-03-13T22:17:40Z","2017-03-15T21:05:15Z",1,3,177,1,4,"2017-03-13T22:24:45Z",[["joelfranusic-okta","lboyette-okta"]],46.79,0.12,7.08
"okta","okta-sdk-dotnet","https://github.com/okta/okta-sdk-dotnet/pull/31",31,"jmelberg-okta","2017-03-27T21:13:14Z","2017-03-29T21:12:41Z",1,1,1,1,2,"2017-03-27T23:31:34Z",[["nbarbettini","lboyette-okta"]],47.99,2.31,138.33
"okta","okta-sdk-dotnet","https://github.com/okta/okta-sdk-dotnet/pull/36",36,"jmelberg-okta","2017-04-12T23:04:49Z","2017-04-17T20:29:17Z",1,1,18,6,6,"2017-04-12T23:53:37Z",[["lboyette-okta","nbarbettini"]],117.41,0.81,48.8
"okta","okta-sdk-dotnet","https://github.com/okta/okta-sdk-dotnet/pull/37",37,"nbarbettini","2017-04-17T22:26:13Z","2017-04-17T22:51:58Z",1,1,5,5,1,"2017-04-17T22:49:45Z",[["lboyette-okta"]],0.43,0.39,23.53
"okta","okta-sdk-dotnet","https://github.com/okta/okta-sdk-dotnet/pull/38",38,"nbarbettini","2017-04-17T23:14:19Z","2017-04-17T23:24:22Z",1,1,13,0,1,"2017-04-17T23:18:48Z",[["jmelberg-okta"]],0.17,0.07,4.48
"okta","okta-sdk-dotnet","https://github.com/okta/okta-sdk-dotnet/pull/58",58,"nbarbettini","2017-06-13T22:11:22Z","2017-06-17T01:43:10Z",235,4,4689,11845,6,"2017-06-16T21:32:16Z",[["jmelberg-okta","nbarbettini"]],75.53,71.35,4280.9
"okta","okta-sdk-dotnet","https://github.com/okta/okta-sdk-dotnet/pull/60",60,"nbarbettini","2017-06-17T01:45:30Z","2017-06-22T00:43:52Z",68,1,2914,72,2,"2017-06-21T23:34:39Z",[["jmelberg-okta","nbarbettini"]],118.97,117.82,7069.15
"okta","okta-sdk-dotnet","https://github.com/okta/okta-sdk-dotnet/pull/66",66,"nbarbettini","2017-06-22T01:06:35Z","2017-06-22T18:51:54Z",1,1,831,0,1,"2017-06-22T18:51:21Z",[["rchild-okta"]],17.76,17.75,1064.77
"okta","okta-sdk-dotnet","https://github.com/okta/okta-sdk-dotnet/pull/67",67,"nbarbettini","2017-06-22T18:04:56Z","2017-06-22T20:28:05Z",7,1,145,82,2,"2017-06-22T19:08:44Z",[["jmelberg-okta","nbarbettini"]],2.39,1.06,63.8
"okta","okta-sdk-dotnet","https://github.com/okta/okta-sdk-dotnet/pull/74",74,"nbarbettini","2017-06-27T20:27:48Z","2017-06-27T21:48:52Z",14,1,260,97,1,"2017-06-27T21:46:53Z",[["leebrandt"]],1.35,1.32,79.08
"okta","okta-sdk-dotnet","https://github.com/okta/okta-sdk-dotnet/pull/76",76,"nbarbettini","2017-06-27T21:52:47Z","2017-06-27T22:23:03Z",89,1,944,110,3,"2017-06-27T22:10:44Z",[["jmelberg-okta","nbarbettini"]],0.5,0.3,17.95
"okta","okta-sdk-dotnet","https://github.com/okta/okta-sdk-dotnet/pull/95",95,"nbarbettini","2017-06-27T23:18:47Z","2017-06-30T18:40:48Z",15,1,87,93,3,"2017-06-30T18:15:42Z",[["jmelberg-okta","leebrandt","nbarbettini"]],67.37,66.95,4016.92
"okta","okta-sdk-dotnet","https://github.com/okta/okta-sdk-dotnet/pull/96",96,"nbarbettini","2017-06-28T23:28:16Z","2017-06-29T14:38:29Z",23,2,604,22,1,"2017-06-29T14:35:05Z",[["leebrandt"]],15.17,15.11,906.82
"okta","okta-sdk-dotnet","https://github.com/okta/okta-sdk-dotnet/pull/98",98,"nbarbettini","2017-06-30T20:05:37Z","2017-07-05T20:54:39Z",32,2,541,196,1,"2017-07-05T19:53:48Z",[["leebrandt"]],120.82,119.8,7188.18
"okta","okta-sdk-dotnet","https://github.com/okta/okta-sdk-dotnet/pull/99",99,"leebrandt","2017-06-30T20:10:23Z","2017-06-30T21:11:05Z",2,3,52,33,1,"2017-06-30T20:15:47Z",[["nbarbettini"]],1.01,0.09,5.4
"okta","okta-sdk-dotnet","https://github.com/okta/okta-sdk-dotnet/pull/100",100,"nbarbettini","2017-06-30T20:15:10Z","2017-07-01T05:00:06Z",27,1,27,27,1,"2017-06-30T21:44:19Z",[["jmelberg-okta"]],8.75,1.49,89.15
"okta","okta-sdk-dotnet","https://github.com/okta/okta-sdk-dotnet/pull/103",103,"leebrandt","2017-07-05T20:44:41Z","2017-07-05T21:20:20Z",1,1,31,0,1,"2017-07-05T21:00:37Z",[["nbarbettini"]],0.59,0.27,15.93
"okta","okta-sdk-dotnet","https://github.com/okta/okta-sdk-dotnet/pull/104",104,"nbarbettini","2017-07-05T21:55:41Z","2017-07-05T22:01:49Z",3,2,82,80,1,"2017-07-05T21:58:53Z",[["leebrandt"]],0.1,0.05,3.2
"okta","okta-sdk-dotnet","https://github.com/okta/okta-sdk-dotnet/pull/105",105,"nbarbettini","2017-07-05T22:05:30Z","2017-07-05T22:39:26Z",13,5,364,3,1,"2017-07-05T22:38:18Z",[["leebrandt"]],0.57,0.55,32.8
"okta","okta-sdk-dotnet","https://github.com/okta/okta-sdk-dotnet/pull/106",106,"leebrandt","2017-07-05T22:38:58Z","2017-07-06T11:53:09Z",1,1,38,7,4,"2017-07-05T22:41:05Z",[["nbarbettini","leebrandt"]],13.24,0.04,2.12
"okta","okta-sdk-dotnet","https://github.com/okta/okta-sdk-dotnet/pull/107",107,"nbarbettini","2017-07-06T15:53:46Z","2017-07-06T15:58:44Z",4,2,28,17,1,"2017-07-06T15:58:22Z",[["leebrandt"]],0.08,0.08,4.6
"okta","okta-sdk-dotnet","https://github.com/okta/okta-sdk-dotnet/pull/111",111,"nbarbettini","2017-07-06T21:10:41Z","2017-07-06T23:03:44Z",79,27,820,680,1,"2017-07-06T22:43:47Z",[["leebrandt"]],1.88,1.55,93.1
"okta","okta-sdk-dotnet","https://github.com/okta/okta-sdk-dotnet/pull/114",114,"nbarbettini","2017-07-06T23:03:23Z","2017-07-06T23:07:34Z",1,2,11,7,1,"2017-07-06T23:07:05Z",[["leebrandt"]],0.07,0.06,3.7
"okta","okta-sdk-dotnet","https://github.com/okta/okta-sdk-dotnet/pull/115",115,"leebrandt","2017-07-07T02:07:12Z","2017-07-07T11:58:21Z",2,2,24,2,1,"2017-07-07T05:14:08Z",[["nbarbettini"]],9.85,3.12,186.93
"okta","okta-sdk-dotnet","https://github.com/okta/okta-sdk-dotnet/pull/116",116,"leebrandt","2017-07-07T13:08:16Z","2017-07-07T13:36:06Z",2,1,23,3,1,"2017-07-07T13:35:09Z",[["nbarbettini"]],0.46,0.45,26.88
"okta","okta-sdk-dotnet","https://github.com/okta/okta-sdk-dotnet/pull/117",117,"leebrandt","2017-07-07T15:52:25Z","2017-07-07T17:01:08Z",2,1,25,3,1,"2017-07-07T17:00:11Z",[["nbarbettini"]],1.15,1.13,67.77
"okta","okta-sdk-dotnet","https://github.com/okta/okta-sdk-dotnet/pull/118",118,"nbarbettini","2017-07-07T21:51:15Z","2017-07-10T16:52:56Z",2,1,1,0,1,"2017-07-08T01:58:50Z",[["leebrandt"]],67.03,4.13,247.58
"okta","okta-sdk-dotnet","https://github.com/okta/okta-sdk-dotnet/pull/119",119,"nbarbettini","2017-07-07T21:52:54Z","2017-07-08T00:56:10Z",10,3,379,6,1,"2017-07-08T00:46:40Z",[["lboyette-okta"]],3.05,2.9,173.77
"okta","okta-sdk-dotnet","https://github.com/okta/okta-sdk-dotnet/pull/121",121,"nbarbettini","2017-07-07T23:43:29Z","2017-07-08T01:06:46Z",7,2,229,0,1,"2017-07-08T00:47:47Z",[["lboyette-okta"]],1.39,1.07,64.3
"okta","okta-sdk-dotnet","https://github.com/okta/okta-sdk-dotnet/pull/123",123,"leebrandt","2017-07-11T00:23:51Z","2017-07-14T20:58:30Z",1,1,109,4,3,"2017-07-11T01:03:22Z",[["nbarbettini"]],92.58,0.66,39.52
"okta","okta-sdk-dotnet","https://github.com/okta/okta-sdk-dotnet/pull/124",124,"nbarbettini","2017-07-11T01:02:23Z","2017-07-14T16:54:31Z",4,1,48,3,1,"2017-07-13T22:32:55Z",[["leebrandt"]],87.87,69.51,4170.53
"okta","okta-sdk-dotnet","https://github.com/okta/okta-sdk-dotnet/pull/125",125,"nbarbettini","2017-07-11T01:34:02Z","2017-07-14T18:42:41Z",3,2,16,16,1,"2017-07-13T19:58:15Z",[["leebrandt"]],89.14,66.4,3984.22
"okta","okta-sdk-dotnet","https://github.com/okta/okta-sdk-dotnet/pull/126",126,"nbarbettini","2017-07-13T22:25:33Z","2017-07-13T23:48:09Z",19,2,808,218,1,"2017-07-13T22:31:09Z",[["leebrandt"]],1.38,0.09,5.6
"okta","okta-sdk-dotnet","https://github.com/okta/okta-sdk-dotnet/pull/128",128,"nbarbettini","2017-07-14T00:14:28Z","2017-07-14T20:26:48Z",1,1,8,2,1,"2017-07-14T18:45:07Z",[["leebrandt"]],20.21,18.51,1110.65
"okta","okta-sdk-dotnet","https://github.com/okta/okta-sdk-dotnet/pull/129",129,"nbarbettini","2017-07-14T16:21:55Z","2017-07-14T18:54:39Z",4,3,184,191,1,"2017-07-14T17:21:00Z",[["leebrandt"]],2.55,0.98,59.08
"okta","okta-sdk-dotnet","https://github.com/okta/okta-sdk-dotnet/pull/130",130,"nbarbettini","2017-07-14T22:03:39Z","2017-07-14T22:15:14Z",6,1,242,4,1,"2017-07-14T22:08:05Z",[["leebrandt"]],0.19,0.07,4.43
"okta","okta-sdk-dotnet","https://github.com/okta/okta-sdk-dotnet/pull/132",132,"nbarbettini","2017-07-14T22:33:30Z","2017-07-14T22:52:20Z",1,1,1,1,1,"2017-07-14T22:34:04Z",[["leebrandt"]],0.31,0.01,0.57
"okta","okta-sdk-dotnet","https://github.com/okta/okta-sdk-dotnet/pull/133",133,"nbarbettini","2017-07-14T23:01:35Z","2017-07-14T23:23:16Z",1,1,1,2,1,"2017-07-14T23:13:54Z",[["leebrandt"]],0.36,0.21,12.32
"okta","okta-sdk-dotnet","https://github.com/okta/okta-sdk-dotnet/pull/136",136,"nbarbettini","2017-07-14T23:23:05Z","2017-07-17T16:10:08Z",1,1,2,2,1,"2017-07-15T00:47:41Z",[["leebrandt"]],64.78,1.41,84.6
"okta","okta-sdk-dotnet","https://github.com/okta/okta-sdk-dotnet/pull/138",138,"diveboatslave","2017-07-17T03:37:55Z","2017-07-17T16:21:45Z",1,2,1,1,1,"2017-07-17T16:09:38Z",[["nbarbettini"]],12.73,12.53,751.72
"okta","okta-sdk-dotnet","https://github.com/okta/okta-sdk-dotnet/pull/141",141,"nbarbettini","2017-07-17T22:30:37Z","2017-07-17T23:08:43Z",2,1,69,28,3,"2017-07-17T22:58:00Z",[["leebrandt","jmelberg-okta","nbarbettini"]],0.64,0.46,27.38
"okta","okta-sdk-dotnet","https://github.com/okta/okta-sdk-dotnet/pull/142",142,"nbarbettini","2017-07-17T22:34:41Z","2017-07-17T23:45:39Z",1,2,1,1,2,"2017-07-17T22:58:29Z",[["leebrandt","jmelberg-okta"]],1.18,0.4,23.8
"okta","okta-sdk-dotnet","https://github.com/okta/okta-sdk-dotnet/pull/144",144,"nbarbettini","2017-07-17T23:27:52Z","2017-07-17T23:39:14Z",3,1,1,14,1,"2017-07-17T23:37:56Z",[["jmelberg-okta"]],0.19,0.17,10.07
"okta","okta-sdk-dotnet","https://github.com/okta/okta-sdk-dotnet/pull/146",146,"nbarbettini","2017-07-18T19:49:58Z","2017-07-19T17:57:41Z",3,1,22,9,2,"2017-07-18T20:05:05Z",[["jmelberg-okta","lboyette-okta"]],22.13,0.25,15.12
"okta","okta-sdk-dotnet","https://github.com/okta/okta-sdk-dotnet/pull/158",158,"nbarbettini","2017-10-30T04:05:07Z","2018-04-11T12:31:11Z",5,3,106,2,2,"2017-11-22T01:56:47Z",[["lboyette-okta","jmelberg-okta"]],3920.43,549.86,32991.67
"okta","okta-sdk-dotnet","https://github.com/okta/okta-sdk-dotnet/pull/160",160,"nbarbettini","2017-10-31T03:36:24Z","2017-10-31T04:40:23Z",1,1,5,5,1,"2017-10-31T04:10:01Z",[["jmelberg-okta"]],1.07,0.56,33.62
"okta","okta-sdk-dotnet","https://github.com/okta/okta-sdk-dotnet/pull/161",161,"robertjd","2017-11-03T21:57:32Z","2017-11-03T22:03:01Z",1,1,7,0,1,"2017-11-03T22:02:26Z",[["jmelberg-okta"]],0.09,0.08,4.9
"okta","okta-sdk-dotnet","https://github.com/okta/okta-sdk-dotnet/pull/162",162,"robertjd","2017-11-03T22:09:15Z","2017-11-03T23:00:21Z",1,1,2,0,1,"2017-11-03T22:10:44Z",[["jmelberg-okta"]],0.85,0.02,1.48
"okta","okta-sdk-dotnet","https://github.com/okta/okta-sdk-dotnet/pull/163",163,"lboyette-okta","2017-11-08T18:03:13Z","2017-11-28T18:08:24Z",143,25,2858,223,6,"2017-11-10T19:52:11Z",[["jmelberg-okta","lboyette-okta","nbarbettini"]],480.09,49.82,2988.97
"okta","okta-sdk-dotnet","https://github.com/okta/okta-sdk-dotnet/pull/168",168,"lboyette-okta","2017-12-02T01:07:36Z","2017-12-02T01:18:19Z",3,1,5,2,1,"2017-12-02T01:07:56Z",[["robertdamphousse-okta"]],0.18,0.01,0.33
"okta","okta-sdk-dotnet","https://github.com/okta/okta-sdk-dotnet/pull/170",170,"lboyette-okta","2018-01-24T19:57:37Z","2018-03-29T21:54:30Z",1,2,3,6,1,"2018-03-29T01:05:50Z",[["nbarbettini"]],1537.95,1517.14,91028.22
"okta","okta-sdk-dotnet","https://github.com/okta/okta-sdk-dotnet/pull/171",171,"laurarodriguez-okta","2018-03-06T23:05:23Z","2018-03-08T23:07:34Z",3,5,8,0,1,"2018-03-08T23:07:15Z",[["nbarbettini"]],48.04,48.03,2881.87
"okta","okta-sdk-dotnet","https://github.com/okta/okta-sdk-dotnet/pull/173",173,"nbarbettini","2018-03-27T13:37:41Z","2018-03-29T01:04:54Z",3,2,2,3,1,"2018-03-27T14:12:14Z",[["laura-rodriguez"]],35.45,0.58,34.55
"okta","okta-sdk-dotnet","https://github.com/okta/okta-sdk-dotnet/pull/174",174,"laura-rodriguez","2018-04-10T16:43:52Z","2018-04-19T17:05:03Z",1,9,94,7,5,"2018-04-13T20:22:14Z",[["laura-rodriguez","nbarbettini"]],216.35,75.64,4538.37
"okta","okta-sdk-dotnet","https://github.com/okta/okta-sdk-dotnet/pull/178",178,"nbarbettini","2018-04-26T01:51:11Z","2018-04-30T21:49:11Z",77,20,1637,1416,1,"2018-04-26T20:21:13Z",[["laura-rodriguez"]],115.97,18.5,1110.03
"okta","okta-sdk-dotnet","https://github.com/okta/okta-sdk-dotnet/pull/180",180,"nbarbettini","2018-05-17T18:11:17Z","2018-05-18T19:22:46Z",3,5,2,112,1,"2018-05-17T18:47:22Z",[["laura-rodriguez"]],25.19,0.6,36.08
"okta","okta-sdk-dotnet","https://github.com/okta/okta-sdk-dotnet/pull/185",185,"nbarbettini","2018-05-18T19:32:40Z","2018-06-05T20:48:19Z",18,7,314,48,1,"2018-05-28T19:10:44Z",[["laura-rodriguez"]],433.26,239.63,14378.07
"okta","okta-sdk-dotnet","https://github.com/okta/okta-sdk-dotnet/pull/188",188,"ryannewington","2018-05-22T05:58:30Z","2018-05-24T23:11:21Z",1,2,1,1,1,"2018-05-24T20:31:12Z",[["nbarbettini"]],65.21,62.54,3752.7
"okta","okta-sdk-dotnet","https://github.com/okta/okta-sdk-dotnet/pull/190",190,"nbarbettini","2018-06-06T00:46:18Z","2018-06-13T00:32:24Z",12,3,191,211,1,"2018-06-12T22:00:31Z",[["laura-rodriguez"]],167.77,165.24,9914.22
"okta","okta-sdk-dotnet","https://github.com/okta/okta-sdk-dotnet/pull/191",191,"laura-rodriguez","2018-06-08T19:08:57Z","2018-06-08T20:53:10Z",2,6,13,14,2,"2018-06-08T19:19:45Z",[["nbarbettini"]],1.74,0.18,10.8
"okta","okta-sdk-dotnet","https://github.com/okta/okta-sdk-dotnet/pull/192",192,"nbarbettini","2018-06-08T21:04:47Z","2018-06-08T22:42:38Z",206,1,206,206,1,"2018-06-08T22:21:58Z",[["robertjd"]],1.63,1.29,77.18
"okta","okta-sdk-dotnet","https://github.com/okta/okta-sdk-dotnet/pull/193",193,"nbarbettini","2018-06-08T22:46:13Z","2018-06-11T23:04:46Z",4,4,4,4,1,"2018-06-11T15:21:53Z",[["laura-rodriguez"]],72.31,64.59,3875.67
"okta","okta-sdk-dotnet","https://github.com/okta/okta-sdk-dotnet/pull/194",194,"nbarbettini","2018-06-11T16:59:21Z","2018-06-11T17:16:24Z",2,1,41,38,1,"2018-06-11T17:16:08Z",[["laura-rodriguez"]],0.28,0.28,16.78
"okta","okta-sdk-dotnet","https://github.com/okta/okta-sdk-dotnet/pull/205",205,"laura-rodriguez","2018-06-14T21:51:30Z","2018-07-09T16:32:10Z",160,39,7150,69,14,"2018-06-18T20:08:03Z",[["nbarbettini","laura-rodriguez"]],594.68,94.28,5656.55
"okta","okta-sdk-dotnet","https://github.com/okta/okta-sdk-dotnet/pull/216",216,"nbarbettini","2018-07-05T17:26:42Z","2018-07-05T18:48:11Z",1,1,1,0,1,"2018-07-05T18:21:51Z",[["laura-rodriguez"]],1.36,0.92,55.15
"okta","okta-sdk-dotnet","https://github.com/okta/okta-sdk-dotnet/pull/217",217,"nbarbettini","2018-07-05T21:18:37Z","2018-07-05T22:37:55Z",2,1,55,43,1,"2018-07-05T21:34:30Z",[["laura-rodriguez"]],1.32,0.26,15.88
"okta","okta-sdk-dotnet","https://github.com/okta/okta-sdk-dotnet/pull/218",218,"nbarbettini","2018-07-06T00:25:24Z","2018-07-19T14:24:33Z",0,2,0,0,1,"2018-07-06T14:38:32Z",[["laura-rodriguez"]],325.99,14.22,853.13
"okta","okta-sdk-dotnet","https://github.com/okta/okta-sdk-dotnet/pull/219",219,"laura-rodriguez","2018-07-09T16:13:13Z","2018-07-20T20:39:09Z",84,61,2517,165,7,"2018-07-11T17:58:57Z",[["nbarbettini","laura-rodriguez"]],268.43,49.76,2985.73
"okta","okta-sdk-dotnet","https://github.com/okta/okta-sdk-dotnet/pull/225",225,"laura-rodriguez","2018-07-18T18:16:10Z","2018-07-25T16:57:29Z",1,8,308,142,6,"2018-07-18T18:19:28Z",[["laura-rodriguez","nbarbettini"]],166.69,0.06,3.3
"okta","okta-sdk-dotnet","https://github.com/okta/okta-sdk-dotnet/pull/228",228,"laura-rodriguez","2018-07-25T15:56:10Z","2018-07-25T16:49:35Z",2,1,2,4,1,"2018-07-25T16:16:13Z",[["robertjd"]],0.89,0.33,20.05
"okta","okta-sdk-dotnet","https://github.com/okta/okta-sdk-dotnet/pull/232",232,"laura-rodriguez","2018-07-30T21:05:02Z","2018-08-02T17:29:58Z",9,4,38,30,1,"2018-08-02T17:05:50Z",[["nbarbettini"]],68.42,68.01,4080.8
"okta","okta-sdk-dotnet","https://github.com/okta/okta-sdk-dotnet/pull/237",237,"laura-rodriguez","2018-08-02T19:15:50Z","2018-08-02T20:59:40Z",1,2,217,3,1,"2018-08-02T20:59:20Z",[["nbarbettini"]],1.73,1.73,103.5
"okta","okta-sdk-dotnet","https://github.com/okta/okta-sdk-dotnet/pull/239",239,"laura-rodriguez","2018-08-03T19:17:24Z","2018-08-06T21:49:37Z",41,4,399,62,1,"2018-08-06T17:24:29Z",[["nbarbettini"]],74.54,70.12,4207.08
"okta","okta-sdk-dotnet","https://github.com/okta/okta-sdk-dotnet/pull/240",240,"laura-rodriguez","2018-08-03T20:20:51Z","2018-08-06T17:21:43Z",23,1,161,0,1,"2018-08-06T17:21:29Z",[["nbarbettini"]],69.01,69.01,4140.63
"okta","okta-sdk-dotnet","https://github.com/okta/okta-sdk-dotnet/pull/242",242,"nbarbettini","2018-08-10T15:15:39Z","2018-08-15T19:53:54Z",11,2,132,97,1,"2018-08-14T19:17:16Z",[["laura-rodriguez"]],124.64,100.03,6001.62
"okta","okta-sdk-dotnet","https://github.com/okta/okta-sdk-dotnet/pull/243",243,"laura-rodriguez","2018-08-13T20:48:45Z","2018-08-18T17:47:13Z",9,7,16,76,6,"2018-08-15T19:54:25Z",[["nbarbettini","laura-rodriguez"]],116.97,47.09,2825.67
"okta","okta-sdk-dotnet","https://github.com/okta/okta-sdk-dotnet/pull/244",244,"laura-rodriguez","2018-08-14T23:51:39Z","2018-08-15T00:01:38Z",1,1,1,1,1,"2018-08-14T23:59:04Z",[["robertjd"]],0.17,0.12,7.42
"okta","okta-sdk-dotnet","https://github.com/okta/okta-sdk-dotnet/pull/246",246,"laura-rodriguez","2018-08-15T18:57:19Z","2018-08-18T17:03:23Z",4,4,119,8,3,"2018-08-15T21:37:02Z",[["nbarbettini","laura-rodriguez"]],70.1,2.66,159.72
"okta","okta-sdk-dotnet","https://github.com/okta/okta-sdk-dotnet/pull/249",249,"nbarbettini","2018-08-18T17:51:21Z","2018-08-21T13:58:22Z",13,4,136,132,1,"2018-08-20T16:04:51Z",[["laura-rodriguez"]],68.12,46.23,2773.5
"okta","okta-sdk-dotnet","https://github.com/okta/okta-sdk-dotnet/pull/250",250,"laura-rodriguez","2018-08-20T17:57:42Z","2018-08-21T18:46:15Z",1,4,52,0,1,"2018-08-21T14:06:56Z",[["nbarbettini"]],24.81,20.15,1209.23
"okta","okta-sdk-dotnet","https://github.com/okta/okta-sdk-dotnet/pull/251",251,"laura-rodriguez","2018-08-20T23:27:15Z","2018-08-21T14:10:15Z",2,2,32,4,1,"2018-08-21T14:01:57Z",[["nbarbettini"]],14.72,14.58,874.7
"okta","okta-sdk-dotnet","https://github.com/okta/okta-sdk-dotnet/pull/252",252,"laura-rodriguez","2018-08-20T23:31:00Z","2018-08-21T14:37:27Z",1,2,1,1,1,"2018-08-21T14:08:09Z",[["nbarbettini"]],15.11,14.62,877.15
"okta","okta-sdk-dotnet","https://github.com/okta/okta-sdk-dotnet/pull/253",253,"nbarbettini","2018-08-21T14:48:55Z","2018-09-04T13:54:56Z",40,14,679,136,3,"2018-08-21T18:41:22Z",[["laura-rodriguez","nbarbettini"]],335.1,3.87,232.45
"okta","okta-sdk-dotnet","https://github.com/okta/okta-sdk-dotnet/pull/254",254,"nbarbettini","2018-08-21T15:42:40Z","2018-08-21T20:56:27Z",12,3,16,574,1,"2018-08-21T20:07:58Z",[["laura-rodriguez"]],5.23,4.42,265.3
"okta","okta-sdk-dotnet","https://github.com/okta/okta-sdk-dotnet/pull/256",256,"laura-rodriguez","2018-08-23T00:02:09Z","2018-08-23T17:52:09Z",38,1,800,79,1,"2018-08-23T15:44:23Z",[["nbarbettini"]],17.83,15.7,942.23
"okta","okta-sdk-dotnet","https://github.com/okta/okta-sdk-dotnet/pull/257",257,"nbarbettini","2018-08-23T16:33:43Z","2018-08-23T18:05:46Z",38,4,120,80,1,"2018-08-23T17:49:07Z",[["laura-rodriguez"]],1.53,1.26,75.4
"okta","okta-sdk-dotnet","https://github.com/okta/okta-sdk-dotnet/pull/258",258,"vijetmahabaleshwar-okta","2018-08-23T17:15:06Z","2018-09-21T17:57:48Z",4,8,29,4,11,"2018-08-31T22:23:12Z",[["vijetmahabaleshwar-okta","nbarbettini","laura-rodriguez"]],696.71,197.14,11828.1
"okta","okta-sdk-dotnet","https://github.com/okta/okta-sdk-dotnet/pull/259",259,"nbarbettini","2018-08-23T18:35:34Z","2018-08-23T20:38:15Z",38,2,120,80,1,"2018-08-23T18:36:04Z",[["laura-rodriguez"]],2.04,0.01,0.5
"okta","okta-sdk-dotnet","https://github.com/okta/okta-sdk-dotnet/pull/262",262,"laura-rodriguez","2018-08-28T19:28:27Z","2018-09-04T13:36:16Z",4,3,179,41,1,"2018-09-04T13:06:26Z",[["nbarbettini"]],162.13,161.63,9697.98
"okta","okta-sdk-dotnet","https://github.com/okta/okta-sdk-dotnet/pull/263",263,"laura-rodriguez","2018-08-28T19:38:02Z","2018-09-04T13:07:37Z",1,1,19,19,1,"2018-09-04T13:07:31Z",[["nbarbettini"]],161.49,161.49,9689.48
"okta","okta-sdk-dotnet","https://github.com/okta/okta-sdk-dotnet/pull/269",269,"laura-rodriguez","2018-09-07T17:29:05Z","2018-09-07T20:07:49Z",9,4,74,5,1,"2018-09-07T19:59:47Z",[["robertjd"]],2.65,2.51,150.7
"okta","okta-sdk-dotnet","https://github.com/okta/okta-sdk-dotnet/pull/270",270,"laura-rodriguez","2018-09-07T18:25:34Z","2018-09-18T19:16:10Z",1,3,46,46,1,"2018-09-14T03:44:15Z",[["nbarbettini"]],264.84,153.31,9198.68
"okta","okta-sdk-dotnet","https://github.com/okta/okta-sdk-dotnet/pull/273",273,"vijetmahabaleshwar-okta","2018-09-13T19:23:32Z","2018-09-17T16:37:30Z",3,1,6,0,3,"2018-09-13T19:24:34Z",[["vijetmahabaleshwar-okta","nbarbettini","laura-rodriguez"]],93.23,0.02,1.03
"okta","okta-sdk-dotnet","https://github.com/okta/okta-sdk-dotnet/pull/277",277,"laura-rodriguez","2018-09-18T19:44:40Z","2018-09-19T20:57:03Z",2,2,25,7,1,"2018-09-19T20:56:04Z",[["nbarbettini"]],25.21,25.19,1511.4
"okta","okta-sdk-dotnet","https://github.com/okta/okta-sdk-dotnet/pull/278",278,"laura-rodriguez","2018-09-18T20:05:04Z","2018-11-22T00:01:59Z",110,21,4594,57,19,"2018-09-26T21:58:23Z",[["robertjd","laura-rodriguez","vijetmahabaleshwar-okta","nbarbettini"]],1539.95,193.89,11633.32
"okta","okta-sdk-dotnet","https://github.com/okta/okta-sdk-dotnet/pull/280",280,"nbarbettini","2018-09-21T00:34:12Z","2018-09-21T14:49:22Z",3,4,63,11,1,"2018-09-21T14:45:15Z",[["laura-rodriguez"]],14.25,14.18,851.05
"okta","okta-sdk-dotnet","https://github.com/okta/okta-sdk-dotnet/pull/283",283,"laura-rodriguez","2018-09-28T14:59:53Z","2018-10-01T19:57:15Z",6,2,167,122,2,"2018-09-28T15:30:02Z",[["nbarbettini","vijetmahabaleshwar-okta"]],76.96,0.5,30.15
"okta","okta-sdk-dotnet","https://github.com/okta/okta-sdk-dotnet/pull/285",285,"laura-rodriguez","2018-10-09T16:32:03Z","2018-10-09T17:03:35Z",1,1,1,1,0,"",[],0.53,0,0
"okta","okta-sdk-dotnet","https://github.com/okta/okta-sdk-dotnet/pull/286",286,"vijetmahabaleshwar-okta","2018-10-10T20:20:19Z","2018-10-10T20:50:36Z",1,2,5,0,1,"2018-10-10T20:27:00Z",[["laura-rodriguez"]],0.5,0.11,6.68
"okta","okta-sdk-dotnet","https://github.com/okta/okta-sdk-dotnet/pull/291",291,"laura-rodriguez","2018-11-29T17:09:48Z","2018-12-04T16:11:48Z",1,1,4,2,1,"2018-11-29T18:32:23Z",[["nbarbettini"]],119.03,1.38,82.58
"okta","okta-sdk-dotnet","https://github.com/okta/okta-sdk-dotnet/pull/292",292,"laura-rodriguez","2018-12-04T16:29:33Z","2018-12-13T20:32:30Z",2,1,654,13,1,"2018-12-04T16:33:18Z",[["bdemers"]],220.05,0.06,3.75
"okta","okta-sdk-dotnet","https://github.com/okta/okta-sdk-dotnet/pull/293",293,"laura-rodriguez","2018-12-13T19:00:59Z","2018-12-21T21:17:07Z",11,8,509,6,15,"2018-12-14T17:36:26Z",[["bradhaverstein-okta","laura-rodriguez"]],194.27,22.59,1355.45
"okta","okta-sdk-dotnet","https://github.com/okta/okta-sdk-dotnet/pull/295",295,"laura-rodriguez","2018-12-21T21:24:48Z","2018-12-21T21:41:42Z",1,1,1,1,1,"2018-12-21T21:38:03Z",[["bretterer"]],0.28,0.22,13.25
"okta","okta-sdk-dotnet","https://github.com/okta/okta-sdk-dotnet/pull/297",297,"justinhelgerson","2018-12-31T05:24:11Z","2019-01-05T00:52:21Z",2,4,35,5,7,"2019-01-03T19:11:58Z",[["bradhaverstein-okta","justinhelgerson"]],115.47,85.8,5147.78
"okta","okta-sdk-dotnet","https://github.com/okta/okta-sdk-dotnet/pull/299",299,"vijetmahabaleshwar-okta","2019-01-11T19:30:04Z","2019-01-14T17:27:33Z",1,1,1,1,1,"2019-01-14T14:27:59Z",[["nbarbettini"]],69.96,66.97,4017.92
"okta","okta-sdk-dotnet","https://github.com/okta/okta-sdk-dotnet/pull/300",300,"laura-rodriguez","2019-01-11T20:37:43Z","2019-01-14T21:30:42Z",3,4,70,3,2,"2019-01-14T18:31:44Z",[["bradhaverstein-okta","laura-rodriguez"]],72.88,69.9,4194.02
"okta","okta-sdk-dotnet","https://github.com/okta/okta-sdk-dotnet/pull/304",304,"laura-rodriguez","2019-01-14T21:40:53Z","2019-01-14T22:08:01Z",1,2,1,1,2,"2019-01-14T22:06:31Z",[["vijetmahabaleshwar-okta","robertjd"]],0.45,0.43,25.63
"okta","okta-sdk-dotnet","https://github.com/okta/okta-sdk-dotnet/pull/305",305,"laura-rodriguez","2019-01-14T22:07:20Z","2019-01-14T22:31:30Z",1,2,1,1,1,"2019-01-14T22:27:42Z",[["bdemers"]],0.4,0.34,20.37
"okta","okta-sdk-dotnet","https://github.com/okta/okta-sdk-dotnet/pull/310",310,"OkGoDoIt","2019-03-18T17:59:54Z","2019-03-19T17:18:34Z",3,3,15,14,1,"2019-03-19T17:11:00Z",[["laura-rodriguez"]],23.31,23.19,1391.1
"okta","okta-sdk-dotnet","https://github.com/okta/okta-sdk-dotnet/pull/311",311,"OkGoDoIt","2019-03-19T17:56:21Z","2019-03-20T20:11:57Z",1,1,3,2,1,"2019-03-20T19:46:37Z",[["laura-rodriguez"]],26.26,25.84,1550.27
"okta","okta-sdk-dotnet","https://github.com/okta/okta-sdk-dotnet/pull/312",312,"laura-rodriguez","2019-03-22T15:25:23Z","2019-03-22T15:38:49Z",1,1,1,1,1,"2019-03-22T15:36:34Z",[["nbarbettini"]],0.22,0.19,11.18
"okta","okta-sdk-dotnet","https://github.com/okta/okta-sdk-dotnet/pull/313",313,"vijetmahabaleshwar-okta","2019-04-18T20:47:30Z","2019-04-19T15:22:01Z",1,1,4,2,1,"2019-04-18T22:43:52Z",[["laura-rodriguez"]],18.58,1.94,116.37
"okta","okta-sdk-dotnet","https://github.com/okta/okta-sdk-dotnet/pull/315",315,"OkGoDoIt","2019-04-24T00:24:18Z","2019-04-29T17:18:20Z",1,2,5,4,1,"2019-04-24T17:30:17Z",[["laura-rodriguez"]],136.9,17.1,1025.98
"okta","okta-sdk-dotnet","https://github.com/okta/okta-sdk-dotnet/pull/317",317,"laura-rodriguez","2019-05-15T20:08:37Z","2019-05-21T14:57:02Z",1,3,43,1,3,"2019-05-15T20:54:00Z",[["vijetmahabaleshwar-okta","laura-rodriguez","bdemers"]],138.81,0.76,45.38
"okta","okta-sdk-dotnet","https://github.com/okta/okta-sdk-dotnet/pull/318",318,"laura-rodriguez","2019-05-16T20:04:38Z","2019-05-21T15:10:39Z",4,2,11,6,1,"2019-05-21T14:51:08Z",[["bdemers"]],115.1,114.78,6886.5
"okta","okta-sdk-dotnet","https://github.com/okta/okta-sdk-dotnet/pull/320",320,"laura-rodriguez","2019-05-28T20:45:45Z","2019-05-31T15:31:10Z",2,3,156,31,1,"2019-05-29T21:08:08Z",[["bdemers"]],66.76,24.37,1462.38
"okta","okta-sdk-dotnet","https://github.com/okta/okta-sdk-dotnet/pull/324",324,"laura-rodriguez","2019-07-11T20:17:20Z","2019-07-12T13:37:35Z",3,1,69,8,1,"2019-07-11T20:51:55Z",[["bdemers"]],17.34,0.58,34.58
"okta","okta-sdk-dotnet","https://github.com/okta/okta-sdk-dotnet/pull/325",325,"laura-rodriguez","2019-07-12T13:59:00Z","2019-07-12T14:31:51Z",1,1,1,1,1,"2019-07-12T14:17:44Z",[["bdemers"]],0.55,0.31,18.73
"okta","okta-sdk-dotnet","https://github.com/okta/okta-sdk-dotnet/pull/328",328,"laura-rodriguez","2019-07-18T16:33:08Z","2019-07-18T18:09:07Z",1,1,1,1,1,"2019-07-18T18:07:19Z",[["OkGoDoIt"]],1.6,1.57,94.18
"okta","okta-sdk-dotnet","https://github.com/okta/okta-sdk-dotnet/pull/332",332,"laura-rodriguez","2019-07-26T17:05:58Z","2019-07-29T14:54:05Z",3,4,15,3,1,"2019-07-26T20:36:07Z",[["OkGoDoIt"]],69.8,3.5,210.15
"okta","okta-sdk-dotnet","https://github.com/okta/okta-sdk-dotnet/pull/334",334,"laura-rodriguez","2019-08-09T20:37:06Z","2019-08-13T14:22:59Z",5,4,113,25,3,"2019-08-12T14:50:30Z",[["OkGoDoIt","laura-rodriguez"]],89.76,66.22,3973.4
"okta","okta-sdk-dotnet","https://github.com/okta/okta-sdk-dotnet/pull/338",338,"laura-rodriguez","2019-08-13T14:44:58Z","2019-08-13T15:42:52Z",1,1,1,1,2,"2019-08-13T15:02:08Z",[["bretterer","robertjd"]],0.97,0.29,17.17
"okta","okta-sdk-dotnet","https://github.com/okta/okta-sdk-dotnet/pull/339",339,"laura-rodriguez","2019-08-13T19:56:52Z","2019-08-16T16:21:41Z",20,7,309,584,2,"2019-08-15T21:54:43Z",[["OkGoDoIt","laura-rodriguez"]],68.41,49.96,2997.85
"okta","okta-sdk-dotnet","https://github.com/okta/okta-sdk-dotnet/pull/341",341,"laura-rodriguez","2019-08-16T18:13:14Z","2019-08-16T18:18:42Z",1,1,1,1,1,"2019-08-16T18:14:19Z",[["vijetmahabaleshwar-okta"]],0.09,0.02,1.08
"okta","okta-sdk-dotnet","https://github.com/okta/okta-sdk-dotnet/pull/342",342,"laura-rodriguez","2019-09-04T20:22:53Z","2019-09-10T14:36:58Z",3,7,115,11,4,"2019-09-05T19:11:26Z",[["bradhaverstein-okta","laura-rodriguez"]],138.23,22.81,1368.55
"okta","okta-sdk-dotnet","https://github.com/okta/okta-sdk-dotnet/pull/343",343,"laura-rodriguez","2019-09-10T14:51:04Z","2019-09-10T15:16:12Z",1,1,1,1,2,"2019-09-10T15:05:09Z",[["bretterer","swiftone"]],0.42,0.23,14.08
"okta","okta-sdk-dotnet","https://github.com/okta/okta-sdk-dotnet/pull/357",357,"laura-rodriguez","2020-01-17T22:34:27Z","2020-01-21T16:49:54Z",1,1,1,1,1,"2020-01-21T16:49:06Z",[["swiftone"]],90.26,90.24,5414.65
"okta","okta-sdk-dotnet","https://github.com/okta/okta-sdk-dotnet/pull/358",358,"laura-rodriguez","2020-01-23T22:01:57Z","2020-02-24T15:08:48Z",26,11,113,100,9,"2020-01-23T22:06:18Z",[["laura-rodriguez","bradhaverstein-okta"]],761.11,0.07,4.35
"okta","okta-sdk-dotnet","https://github.com/okta/okta-sdk-dotnet/pull/360",360,"laura-rodriguez","2020-02-20T23:02:50Z","2020-02-28T16:39:16Z",28,18,1371,66,3,"2020-02-27T18:22:39Z",[["bretterer"]],185.61,163.33,9799.82
"okta","okta-sdk-dotnet","https://github.com/okta/okta-sdk-dotnet/pull/361",361,"laura-rodriguez","2020-02-28T18:49:46Z","2020-03-05T16:54:47Z",6,4,70,3,1,"2020-03-05T16:50:37Z",[["bretterer"]],142.08,142.01,8520.85
"okta","okta-sdk-dotnet","https://github.com/okta/okta-sdk-dotnet/pull/362",362,"laura-rodriguez","2020-03-02T20:57:00Z","2020-03-05T17:45:17Z",1,2,1,0,1,"2020-03-02T22:28:17Z",[["bretterer"]],68.8,1.52,91.28
"okta","okta-sdk-dotnet","https://github.com/okta/okta-sdk-dotnet/pull/363",363,"laura-rodriguez","2020-03-04T22:17:38Z","2020-03-05T14:58:42Z",3,1,12,9,1,"2020-03-05T14:54:15Z",[["bretterer"]],16.68,16.61,996.62
"okta","okta-sdk-dotnet","https://github.com/okta/okta-sdk-dotnet/pull/365",365,"laura-rodriguez","2020-03-23T15:05:35Z","2020-03-23T18:50:21Z",2,2,4,4,1,"2020-03-23T17:31:13Z",[["robertjd"]],3.75,2.43,145.63
"okta","okta-sdk-dotnet","https://github.com/okta/okta-sdk-dotnet/pull/366",366,"laura-rodriguez","2020-03-24T16:34:49Z","2020-03-25T14:05:15Z",3,5,118,1,2,"2020-03-24T16:48:49Z",[["bradhaverstein-okta","laura-rodriguez"]],21.51,0.23,14
"okta","okta-sdk-dotnet","https://github.com/okta/okta-sdk-dotnet/pull/368",368,"laura-rodriguez","2020-03-27T15:29:06Z","2020-03-27T16:11:51Z",60,8,1702,188,1,"2020-03-27T15:36:30Z",[["robertjd"]],0.71,0.12,7.4
"okta","okta-sdk-dotnet","https://github.com/okta/okta-sdk-dotnet/pull/370",370,"laura-rodriguez","2020-04-20T14:41:50Z","2020-04-20T15:46:14Z",1,1,12,3,1,"2020-04-20T15:18:33Z",[["bretterer"]],1.07,0.61,36.72
"okta","okta-sdk-dotnet","https://github.com/okta/okta-sdk-dotnet/pull/371",371,"vijetmahabaleshwar-okta","2020-04-22T05:46:27Z","2020-04-22T23:13:52Z",1,1,1,0,1,"2020-04-22T20:28:09Z",[["laura-rodriguez"]],17.46,14.7,881.7
"okta","okta-sdk-dotnet","https://github.com/okta/okta-sdk-dotnet/pull/373",373,"vijetmahabaleshwar-okta","2020-04-24T21:54:51Z","2020-04-27T16:29:15Z",1,1,1,0,1,"2020-04-27T16:28:15Z",[["swiftone"]],66.57,66.56,3993.4
"okta","okta-sdk-dotnet","https://github.com/okta/okta-sdk-dotnet/pull/374",374,"laura-rodriguez","2020-04-28T21:27:40Z","2020-05-11T17:49:53Z",396,6,17131,996,1,"2020-05-11T17:48:47Z",[["bryanapellanes-okta"]],308.37,308.35,18501.12
"okta","okta-sdk-dotnet","https://github.com/okta/okta-sdk-dotnet/pull/376",376,"bryanapellanes-okta","2020-05-11T16:06:17Z","2020-05-11T17:31:07Z",4,1,102,0,1,"2020-05-11T16:20:09Z",[["laura-rodriguez"]],1.41,0.23,13.87
"okta","okta-sdk-dotnet","https://github.com/okta/okta-sdk-dotnet/pull/377",377,"bryanapellanes-okta","2020-05-14T19:33:50Z","2020-07-08T14:12:53Z",455,62,24264,1281,1,"2020-07-08T14:10:16Z",[["laura-rodriguez"]],1314.65,1314.61,78876.43
"okta","okta-sdk-dotnet","https://github.com/okta/okta-sdk-dotnet/pull/378",378,"bryanapellanes-okta","2020-05-15T16:16:35Z","2020-05-18T13:16:44Z",8,7,300,28,9,"2020-05-15T16:42:40Z",[["laura-rodriguez","bryanapellanes-okta"]],69,0.43,26.08
"okta","okta-sdk-dotnet","https://github.com/okta/okta-sdk-dotnet/pull/379",379,"bryanapellanes-okta","2020-05-19T13:03:17Z","2020-05-21T14:08:00Z",2,4,556,0,14,"2020-05-19T16:28:42Z",[["laura-rodriguez","bryanapellanes-okta"]],49.08,3.42,205.42
"okta","okta-sdk-dotnet","https://github.com/okta/okta-sdk-dotnet/pull/380",380,"bryanapellanes-okta","2020-05-19T15:54:45Z","2020-05-21T14:07:19Z",1,3,456,0,7,"2020-05-19T18:26:22Z",[["laura-rodriguez","bryanapellanes-okta"]],46.21,2.53,151.62
"okta","okta-sdk-dotnet","https://github.com/okta/okta-sdk-dotnet/pull/381",381,"bryanapellanes-okta","2020-05-21T14:50:13Z","2020-05-22T22:35:36Z",4,9,68,84,1,"2020-05-22T21:12:07Z",[["laura-rodriguez"]],31.76,30.37,1821.9
"okta","okta-sdk-dotnet","https://github.com/okta/okta-sdk-dotnet/pull/382",382,"laura-rodriguez","2020-05-21T16:24:57Z","2020-05-22T17:04:11Z",20,6,757,63,5,"2020-05-21T21:30:00Z",[["bryanapellanes-okta","laura-rodriguez"]],24.65,5.08,305.05
"okta","okta-sdk-dotnet","https://github.com/okta/okta-sdk-dotnet/pull/383",383,"bryanapellanes-okta","2020-05-21T18:16:08Z","2020-05-29T15:36:51Z",11,9,301,20,20,"2020-05-27T14:08:12Z",[["laura-rodriguez","bryanapellanes-okta"]],189.35,139.87,8392.07
"okta","okta-sdk-dotnet","https://github.com/okta/okta-sdk-dotnet/pull/385",385,"laura-rodriguez","2020-05-25T16:18:14Z","2020-05-26T14:12:05Z",3,7,8,8,1,"2020-05-26T13:59:56Z",[["bryanapellanes-okta"]],21.9,21.7,1301.7
"okta","okta-sdk-dotnet","https://github.com/okta/okta-sdk-dotnet/pull/386",386,"bryanapellanes-okta","2020-05-29T13:11:40Z","2020-06-01T19:56:07Z",3,4,123,1,16,"2020-06-01T13:31:36Z",[["bryanapellanes-okta","laura-rodriguez"]],78.74,72.33,4339.93
"okta","okta-sdk-dotnet","https://github.com/okta/okta-sdk-dotnet/pull/387",387,"bryanapellanes-okta","2020-05-29T14:18:47Z","2020-06-11T20:02:35Z",7,2,29,18,4,"2020-06-11T18:36:22Z",[["laura-rodriguez"]],317.73,316.29,18977.58
"okta","okta-sdk-dotnet","https://github.com/okta/okta-sdk-dotnet/pull/388",388,"bryanapellanes-okta","2020-06-02T20:30:35Z","2020-06-09T14:55:29Z",9,3,983,16,55,"2020-06-05T14:52:48Z",[["laura-rodriguez","bryanapellanes-okta"]],162.42,66.37,3982.22
"okta","okta-sdk-dotnet","https://github.com/okta/okta-sdk-dotnet/pull/389",389,"bryanapellanes-okta","2020-06-04T13:33:10Z","2020-06-11T14:37:18Z",1,2,641,0,11,"2020-06-05T16:20:00Z",[["laura-rodriguez","bryanapellanes-okta"]],169.07,26.78,1606.83
"okta","okta-sdk-dotnet","https://github.com/okta/okta-sdk-dotnet/pull/390",390,"bryanapellanes-okta","2020-06-10T15:01:08Z","2020-06-12T19:43:46Z",6,5,924,28,25,"2020-06-10T19:59:35Z",[["laura-rodriguez","bryanapellanes-okta"]],52.71,4.97,298.45
"okta","okta-sdk-dotnet","https://github.com/okta/okta-sdk-dotnet/pull/392",392,"bryanapellanes-okta","2020-06-17T19:58:05Z","2020-06-25T15:36:43Z",58,28,1674,212,66,"2020-06-19T19:26:41Z",[["laura-rodriguez","bryanapellanes-okta"]],187.64,47.48,2848.6
"okta","okta-sdk-dotnet","https://github.com/okta/okta-sdk-dotnet/pull/398",398,"bryanapellanes-okta","2020-06-25T15:49:14Z","2020-06-25T16:56:21Z",4,1,22,4,6,"2020-06-25T15:59:19Z",[["bryanapellanes-okta","laura-rodriguez"]],1.12,0.17,10.08
"okta","okta-sdk-dotnet","https://github.com/okta/okta-sdk-dotnet/pull/399",399,"bryanapellanes-okta","2020-06-29T17:44:07Z","2020-06-30T14:28:31Z",1,6,88,0,21,"2020-06-29T19:27:10Z",[["laura-rodriguez","bryanapellanes-okta"]],20.74,1.72,103.05
"okta","okta-sdk-dotnet","https://github.com/okta/okta-sdk-dotnet/pull/400",400,"bryanapellanes-okta","2020-06-30T17:53:02Z","2020-06-30T20:04:12Z",25,1,440,88,4,"2020-06-30T18:24:32Z",[["laura-rodriguez","bryanapellanes-okta"]],2.19,0.53,31.5
"okta","okta-sdk-dotnet","https://github.com/okta/okta-sdk-dotnet/pull/401",401,"bryanapellanes-okta","2020-07-01T16:03:02Z","2020-07-06T16:59:34Z",5,4,50,9,3,"2020-07-06T16:39:01Z",[["laura-rodriguez","bryanapellanes-okta"]],120.94,120.6,7235.98
"okta","okta-sdk-dotnet","https://github.com/okta/okta-sdk-dotnet/pull/403",403,"bryanapellanes-okta","2020-07-06T18:54:20Z","2020-07-06T19:00:01Z",2,1,204,198,1,"2020-07-06T18:58:51Z",[["laura-rodriguez"]],0.09,0.08,4.52
"okta","okta-sdk-dotnet","https://github.com/okta/okta-sdk-dotnet/pull/404",404,"bryanapellanes-okta","2020-07-06T19:09:57Z","2020-07-07T14:41:06Z",2,2,3,2,1,"2020-07-07T14:32:07Z",[["laura-rodriguez"]],19.52,19.37,1162.17
"okta","okta-sdk-dotnet","https://github.com/okta/okta-sdk-dotnet/pull/405",405,"bryanapellanes-okta","2020-07-07T16:01:12Z","2020-07-07T17:48:17Z",1,1,24,24,1,"2020-07-07T17:39:40Z",[["laura-rodriguez"]],1.78,1.64,98.47
"okta","okta-sdk-dotnet","https://github.com/okta/okta-sdk-dotnet/pull/406",406,"bryanapellanes-okta","2020-07-08T13:23:09Z","2020-07-08T13:47:49Z",2,1,18,18,1,"2020-07-08T13:47:31Z",[["laura-rodriguez"]],0.41,0.41,24.37
"okta","okta-sdk-dotnet","https://github.com/okta/okta-sdk-dotnet/pull/407",407,"bryanapellanes-okta","2020-07-08T14:43:20Z","2020-07-08T15:28:51Z",1,1,4,1,1,"2020-07-08T14:44:04Z",[["laura-rodriguez"]],0.76,0.01,0.73
"okta","okta-sdk-dotnet","https://github.com/okta/okta-sdk-dotnet/pull/410",410,"laura-rodriguez","2020-07-15T19:33:15Z","2020-07-17T17:08:51Z",4,4,103,1,1,"2020-07-17T16:52:11Z",[["bryanapellanes-okta"]],45.59,45.32,2718.93
"okta","okta-sdk-dotnet","https://github.com/okta/okta-sdk-dotnet/pull/412",412,"laura-rodriguez","2020-07-17T19:36:55Z","2020-07-20T14:47:37Z",4,3,17,9,1,"2020-07-20T14:37:39Z",[["bryanapellanes-okta"]],67.18,67.01,4020.73
"okta","okta-sdk-dotnet","https://github.com/okta/okta-sdk-dotnet/pull/416",416,"bryanapellanes-okta","2020-08-03T20:07:27Z","2020-08-05T16:22:30Z",3,3,307,0,11,"2020-08-05T14:33:01Z",[["laura-rodriguez","bryanapellanes-okta"]],44.25,42.43,2545.57
"okta","okta-sdk-dotnet","https://github.com/okta/okta-sdk-dotnet/pull/417",417,"bryanapellanes-okta","2020-08-10T19:58:14Z","2020-08-13T17:51:42Z",1,4,1,1,3,"2020-08-11T20:34:08Z",[["laura-rodriguez"]],69.89,24.6,1475.9
"okta","okta-sdk-dotnet","https://github.com/okta/okta-sdk-dotnet/pull/418",418,"laura-rodriguez","2020-08-17T16:22:47Z","2020-08-17T20:40:41Z",2,2,9,1,1,"2020-08-17T16:34:19Z",[["bryanapellanes-okta"]],4.3,0.19,11.53
"okta","okta-sdk-dotnet","https://github.com/okta/okta-sdk-dotnet/pull/419",419,"bryanapellanes-okta","2020-08-20T16:02:27Z","2020-08-20T16:19:59Z",1,1,9,3,1,"2020-08-20T16:19:04Z",[["laura-rodriguez"]],0.29,0.28,16.62
"okta","okta-sdk-dotnet","https://github.com/okta/okta-sdk-dotnet/pull/423",423,"gabrielsroka","2020-09-07T21:59:16Z","2020-09-08T21:05:26Z",1,2,5,5,2,"2020-09-08T17:13:40Z",[["laura-rodriguez"]],23.1,19.24,1154.4
"okta","okta-sdk-dotnet","https://github.com/okta/okta-sdk-dotnet/pull/425",425,"laura-rodriguez","2020-09-09T15:03:07Z","2020-09-09T16:21:39Z",1,3,30,12,1,"2020-09-09T15:10:01Z",[["bryanapellanes-okta"]],1.31,0.12,6.9
"okta","okta-sdk-dotnet","https://github.com/okta/okta-sdk-dotnet/pull/426",426,"laura-rodriguez","2020-09-09T15:27:57Z","2020-09-09T15:57:34Z",4,5,121,0,1,"2020-09-09T15:38:56Z",[["bryanapellanes-okta"]],0.49,0.18,10.98
"okta","okta-sdk-dotnet","https://github.com/okta/okta-sdk-dotnet/pull/427",427,"laura-rodriguez","2020-09-10T18:29:19Z","2020-11-12T16:05:23Z",24,5,1159,41,3,"2020-10-28T16:47:07Z",[["arvindkrishnakumar-okta","bryanapellanes-okta","andriizhegurov-okta"]],1509.6,1150.3,69017.8
"okta","okta-sdk-dotnet","https://github.com/okta/okta-sdk-dotnet/pull/431",431,"laura-rodriguez","2020-09-16T15:43:23Z","2020-09-16T16:33:40Z",4,5,44,1,1,"2020-09-16T15:49:33Z",[["bryanapellanes-okta"]],0.84,0.1,6.17
"okta","okta-sdk-dotnet","https://github.com/okta/okta-sdk-dotnet/pull/432",432,"andriizhegurov-okta","2020-09-17T18:35:44Z","2020-09-18T19:27:59Z",1,2,17,17,1,"2020-09-18T18:37:56Z",[["laura-rodriguez"]],24.87,24.04,1442.2
"okta","okta-sdk-dotnet","https://github.com/okta/okta-sdk-dotnet/pull/433",433,"laura-rodriguez","2020-09-21T18:30:37Z","2020-09-28T14:09:33Z",2,3,16,1,2,"2020-09-24T20:41:30Z",[["andriizhegurov-okta","bryanapellanes-okta"]],163.65,74.18,4450.88
"okta","okta-sdk-dotnet","https://github.com/okta/okta-sdk-dotnet/pull/435",435,"laura-rodriguez","2020-09-24T15:10:31Z","2020-09-24T19:44:26Z",5,4,476,234,1,"2020-09-24T16:33:50Z",[["bryanapellanes-okta"]],4.57,1.39,83.32
"okta","okta-sdk-dotnet","https://github.com/okta/okta-sdk-dotnet/pull/438",438,"andriizhegurov-okta","2020-10-05T20:13:09Z","2020-10-06T14:12:00Z",13,1,251,49,2,"2020-10-06T12:41:51Z",[["bryanapellanes-okta","laura-rodriguez"]],17.98,16.48,988.7
"okta","okta-sdk-dotnet","https://github.com/okta/okta-sdk-dotnet/pull/439",439,"andriizhegurov-okta","2020-10-12T08:03:15Z","2020-10-15T16:23:13Z",4,2,126,3,1,"2020-10-14T14:48:27Z",[["laura-rodriguez"]],80.33,54.75,3285.2
"okta","okta-sdk-dotnet","https://github.com/okta/okta-sdk-dotnet/pull/445",445,"andriizhegurov-okta","2020-10-20T21:26:10Z","2020-10-21T16:43:50Z",1,6,0,3,3,"2020-10-21T13:13:46Z",[["bryanapellanes-okta","bdemers","laura-rodriguez"]],19.29,15.79,947.6
"okta","okta-sdk-dotnet","https://github.com/okta/okta-sdk-dotnet/pull/449",449,"laura-rodriguez","2020-11-03T17:05:38Z","2020-11-04T15:53:10Z",26,3,415,111,6,"2020-11-03T20:20:22Z",[["andriizhegurov-okta","laura-rodriguez","bryanapellanes-okta"]],22.79,3.25,194.73
"okta","okta-sdk-dotnet","https://github.com/okta/okta-sdk-dotnet/pull/450",450,"laura-rodriguez","2020-11-04T17:10:13Z","2020-11-04T20:01:43Z",6,1,25,7,2,"2020-11-04T17:20:21Z",[["bryanapellanes-okta","andriizhegurov-okta"]],2.86,0.17,10.13
"okta","okta-sdk-dotnet","https://github.com/okta/okta-sdk-dotnet/pull/454",454,"andriizhegurov-okta","2020-11-16T11:24:54Z","2020-11-16T16:35:08Z",1,1,2,0,2,"2020-11-16T13:24:39Z",[["bryanapellanes-okta","laura-rodriguez"]],5.17,2,119.75
"okta","okta-sdk-dotnet","https://github.com/okta/okta-sdk-dotnet/pull/455",455,"andriizhegurov-okta","2020-11-18T10:48:37Z","2020-11-19T16:04:32Z",5,3,12,5,1,"2020-11-19T15:06:04Z",[["laura-rodriguez"]],29.27,28.29,1697.45
"okta","okta-sdk-dotnet","https://github.com/okta/okta-sdk-dotnet/pull/456",456,"laura-rodriguez","2020-11-19T15:05:03Z","2020-11-19T19:17:04Z",24,2,1159,41,2,"2020-11-19T15:13:10Z",[["andriizhegurov-okta","bryanapellanes-okta"]],4.2,0.14,8.12
"okta","okta-sdk-dotnet","https://github.com/okta/okta-sdk-dotnet/pull/458",458,"andriizhegurov-okta","2020-11-23T11:00:05Z","2020-11-23T17:12:39Z",2,3,44,1,2,"2020-11-23T14:51:55Z",[["laura-rodriguez"]],6.21,3.86,231.83
"okta","okta-sdk-dotnet","https://github.com/okta/okta-sdk-dotnet/pull/460",460,"andriizhegurov-okta","2020-11-25T21:23:46Z","2020-11-30T17:42:26Z",3,2,33,2,1,"2020-11-26T18:47:49Z",[["laura-rodriguez"]],116.31,21.4,1284.05
"okta","okta-sdk-dotnet","https://github.com/okta/okta-sdk-dotnet/pull/461",461,"laura-rodriguez","2020-11-30T15:26:37Z","2020-12-09T20:15:36Z",0,3,0,0,1,"2020-11-30T15:40:52Z",[["bryanapellanes-okta"]],220.82,0.24,14.25
"okta","okta-sdk-dotnet","https://github.com/okta/okta-sdk-dotnet/pull/462",462,"andriizhegurov-okta","2020-12-14T21:37:53Z","2020-12-15T15:23:47Z",1,3,6,3,2,"2020-12-15T13:17:42Z",[["bryanapellanes-okta","laura-rodriguez"]],17.77,15.66,939.82
"okta","okta-sdk-dotnet","https://github.com/okta/okta-sdk-dotnet/pull/463",463,"andriizhegurov-okta","2020-12-21T12:58:54Z","2020-12-21T15:58:42Z",1,1,8,8,1,"2020-12-21T13:07:46Z",[["bryanapellanes-okta"]],3,0.15,8.87
"okta","okta-sdk-dotnet","https://github.com/okta/okta-sdk-dotnet/pull/464",464,"askouras","2021-01-05T22:09:19Z","2021-01-06T19:41:20Z",1,1,1,1,2,"2021-01-06T13:18:09Z",[["bryanapellanes-okta","laura-rodriguez"]],21.53,15.15,908.83
"okta","okta-sdk-dotnet","https://github.com/okta/okta-sdk-dotnet/pull/465",465,"bryanapellanes-okta","2021-01-06T19:43:20Z","2021-01-07T13:49:21Z",1,1,1,1,1,"2021-01-07T13:48:34Z",[["laura-rodriguez"]],18.1,18.09,1085.23
"okta","okta-sdk-dotnet","https://github.com/okta/okta-sdk-dotnet/pull/468",468,"andriizhegurov-okta","2021-01-22T13:47:59Z","2021-01-22T14:28:06Z",1,2,16,0,2,"2021-01-22T13:50:37Z",[["bryanapellanes-okta","laura-rodriguez"]],0.67,0.04,2.63
"okta","okta-sdk-dotnet","https://github.com/okta/okta-sdk-dotnet/pull/471",471,"andriizhegurov-okta","2021-01-29T14:41:14Z","2021-01-29T17:39:59Z",7,3,1100,6,2,"2021-01-29T16:09:57Z",[["laura-rodriguez"]],2.98,1.48,88.72
"okta","okta-sdk-dotnet","https://github.com/okta/okta-sdk-dotnet/pull/472",472,"andriizhegurov-okta","2021-01-29T18:18:12Z","2021-01-29T21:47:25Z",1,3,10,3,2,"2021-01-29T18:36:31Z",[["bryanapellanes-okta","laura-rodriguez"]],3.49,0.31,18.32
"okta","okta-sdk-dotnet","https://github.com/okta/okta-sdk-dotnet/pull/473",473,"andriizhegurov-okta","2021-02-01T13:13:49Z","2021-02-01T13:29:18Z",3,1,4,5,1,"2021-02-01T13:16:14Z",[["bryanapellanes-okta"]],0.26,0.04,2.42
"okta","okta-sdk-dotnet","https://github.com/okta/okta-sdk-dotnet/pull/476",476,"laura-rodriguez","2021-02-10T21:57:12Z","2021-02-11T15:00:50Z",3,1,3,3,2,"2021-02-10T22:06:05Z",[["andriizhegurov-okta","bryanapellanes-okta"]],17.06,0.15,8.88
"okta","okta-sdk-dotnet","https://github.com/okta/okta-sdk-dotnet/pull/477",477,"laura-rodriguez","2021-02-24T15:24:36Z","2021-03-08T16:57:04Z",53,5,1678,47,2,"2021-03-05T14:00:17Z",[["bryanapellanes-okta"]],289.54,214.59,12875.68
"okta","okta-sdk-dotnet","https://github.com/okta/okta-sdk-dotnet/pull/481",481,"laura-rodriguez","2021-03-24T19:09:39Z","2021-03-24T20:41:33Z",2,2,45,1,1,"2021-03-24T20:34:35Z",[["andriizhegurov-okta"]],1.53,1.42,84.93
"okta","okta-sdk-dotnet","https://github.com/okta/okta-sdk-dotnet/pull/482",482,"andriizhegurov-okta","2021-03-24T23:29:52Z","2021-03-25T12:16:09Z",1,1,5,4,1,"2021-03-25T12:14:09Z",[["bryanapellanes-okta"]],12.77,12.74,764.28
"okta","okta-sdk-dotnet","https://github.com/okta/okta-sdk-dotnet/pull/483",483,"laura-rodriguez","2021-03-25T15:29:50Z","2021-03-25T16:16:28Z",2,3,31,2,2,"2021-03-25T15:32:06Z",[["andriizhegurov-okta","bryanapellanes-okta"]],0.78,0.04,2.27